Order_ID,Order_Date,Year,Month,Region,Country,State,City,Customer_Segment,Product_Category,Product_SubCategory,Sales,Quantity,Profit,Discount,Shipping_Mode,Payment_Mode,Customer_Rating,Cost,Target_Sales,Latitude,Longitude
1001,2023-01-01,2023,1,East,UK,California,Chennai,Home Office,Furniture,Phones,1778,2,-2237,0.43,Standard,Card,4,1799,23317,25.46543276894046,89.16778205928881
1002,2023-01-02,2023,1,West,India,Tamil Nadu,London,Consumer,Electronics,Phones,30165,7,-14,0.5,Standard,UPI,5,22702,59828,17.347419909613322,93.77364898760058
1003,2023-01-03,2023,1,North,India,Tamil Nadu,Chennai,Home Office,Electronics,Phones,2492,3,-3519,0.12,Express,UPI,2,7201,35504,30.52991869794131,69.78856292500777
1004,2023-01-04,2023,1,East,UK,California,Los Angeles,Corporate,Furniture,Chairs,31462,8,-1269,0.02,Express,Cash,4,5494,23057,10.05295164432406,81.05186094205699
1005,2023-01-05,2023,1,East,India,California,Los Angeles,Home Office,Electronics,Chairs,14615,7,11835,0.21,Same Day,Card,1,16127,46660,27.15125931947894,73.93686416454997
1006,2023-01-06,2023,1,West,UK,Tamil Nadu,Chennai,Consumer,Furniture,Chairs,45900,8,14477,0.07,Same Day,Cash,4,28955,57196,31.466649306045497,84.42902680204708
1007,2023-01-07,2023,1,North,USA,California,London,Consumer,Clothing,Chairs,43946,7,12266,0.01,Same Day,Card,2,7989,20402,27.512119007692473,86.83674579950616
1008,2023-01-08,2023,1,North,India,Tamil Nadu,Chennai,Home Office,Electronics,Chairs,8851,6,5758,0.18,Express,Cash,4,26611,28605,22.419646655579875,76.77607230493389
1009,2023-01-09,2023,1,East,USA,California,London,Home Office,Furniture,Phones,17288,7,14661,0.39,Same Day,UPI,5,8769,35761,35.55890339834926,81.33946842066493
1010,2023-01-10,2023,1,South,UK,London,Los Angeles,Consumer,Clothing,Chairs,8156,5,11311,0.28,Same Day,Cash,5,3331,47043,16.698216204143844,76.10084507302022
1011,2023-01-11,2023,1,East,USA,London,London,Corporate,Clothing,Chairs,3044,7,3566,0.16,Standard,Card,2,12102,53635,8.555868738224355,78.7123437691983
1012,2023-01-12,2023,1,East,USA,London,Los Angeles,Corporate,Furniture,Phones,8368,1,6889,0.33,Same Day,Card,3,19605,33779,20.527691772439784,72.62665874396428
1013,2023-01-13,2023,1,East,UK,London,London,Home Office,Electronics,Chairs,20900,1,6254,0.12,Standard,UPI,5,12319,35155,8.95734614110949,93.68122386398332
1014,2023-01-14,2023,1,East,USA,London,London,Corporate,Furniture,Phones,31600,9,6442,0.01,Standard,Card,1,18416,53132,35.664165823265854,68.29030190621495
1015,2023-01-15,2023,1,West,USA,Tamil Nadu,London,Consumer,Clothing,Phones,47403,5,8521,0.38,Same Day,Cash,2,25313,43851,14.087623326693492,93.58986640686987
1016,2023-01-16,2023,1,North,UK,London,Chennai,Home Office,Furniture,Shirts,26634,5,-441,0.31,Standard,UPI,4,22137,35366,30.878883694517505,84.57868747214242
1017,2023-01-17,2023,1,West,USA,London,Chennai,Consumer,Electronics,Shirts,10168,3,11199,0.38,Express,Card,4,2496,48408,30.46259041205658,77.61807748113351
1018,2023-01-18,2023,1,West,UK,London,Los Angeles,Consumer,Clothing,Shirts,21961,5,2291,0.02,Express,Card,1,22195,26571,14.314138090805072,88.96865663834956
1019,2023-01-19,2023,1,West,USA,London,Los Angeles,Corporate,Furniture,Shirts,45096,3,3160,0.42,Same Day,Cash,5,12119,34017,26.015569383924852,82.72481240401727
1020,2023-01-20,2023,1,East,UK,California,Chennai,Home Office,Electronics,Chairs,47087,9,-4888,0.31,Express,Cash,2,17161,59236,9.394290086107056,82.47415108512058
1021,2023-01-21,2023,1,South,UK,Tamil Nadu,Los Angeles,Home Office,Clothing,Shirts,24852,9,14581,0.28,Standard,UPI,1,3589,24150,22.02366298541216,71.19412620465003
1022,2023-01-22,2023,1,North,USA,London,Chennai,Corporate,Electronics,Phones,34110,6,10924,0.31,Express,Card,5,1023,39423,8.424766690902116,79.29596475241685
1023,2023-01-23,2023,1,South,USA,London,London,Consumer,Clothing,Chairs,33174,1,11523,0.43,Same Day,Cash,2,21159,24137,34.71317252524442,74.99086602984536
1024,2023-01-24,2023,1,West,USA,London,Los Angeles,Consumer,Furniture,Shirts,35215,7,-3576,0.29,Same Day,UPI,4,12910,49992,36.30649470178758,68.45518126229211
1025,2023-01-25,2023,1,West,India,Tamil Nadu,Los Angeles,Consumer,Electronics,Phones,27955,7,14333,0.29,Standard,Card,2,22249,48902,14.446200232518972,78.44288929268129
1026,2023-01-26,2023,1,South,India,California,Chennai,Consumer,Clothing,Chairs,7581,4,14552,0.5,Same Day,Card,3,16232,33833,14.03507500329481,70.60484175334254
1027,2023-01-27,2023,1,South,India,Tamil Nadu,Los Angeles,Home Office,Electronics,Chairs,45619,8,5808,0.38,Express,UPI,2,20006,21381,29.85788512030176,75.44807109403037
1028,2023-01-28,2023,1,South,UK,California,Los Angeles,Home Office,Electronics,Shirts,7317,6,1043,0.22,Same Day,UPI,3,8667,28154,15.348002566050699,70.68298201430974
1029,2023-01-29,2023,1,West,USA,London,London,Corporate,Furniture,Chairs,43856,4,1989,0.35,Standard,Cash,2,5690,54235,33.95722021569351,70.92730714113557
1030,2023-01-30,2023,1,West,UK,London,Los Angeles,Corporate,Electronics,Phones,46714,4,1261,0.19,Same Day,Card,3,5075,33439,24.643944947566485,73.77132753804045
1031,2023-01-31,2023,1,North,India,Tamil Nadu,London,Home Office,Clothing,Chairs,27649,2,-4113,0.11,Express,Card,4,8227,39122,18.172551067299054,96.99562809010561
1032,2023-02-01,2023,2,North,USA,Tamil Nadu,Chennai,Home Office,Clothing,Phones,24132,2,14488,0.3,Standard,Card,5,15878,43956,32.14811864413318,68.06334014286021
1033,2023-02-02,2023,2,West,UK,California,Los Angeles,Consumer,Clothing,Chairs,17789,4,11433,0.46,Express,UPI,3,2297,37264,22.30879431198846,86.52150644749176
1034,2023-02-03,2023,2,South,USA,California,London,Consumer,Clothing,Shirts,15567,5,14944,0.46,Standard,Cash,3,2631,23149,34.43735449754579,72.09606724277016
1035,2023-02-04,2023,2,South,UK,Tamil Nadu,Chennai,Corporate,Furniture,Phones,15868,8,11402,0.17,Same Day,Card,4,24206,44660,34.91241286515205,94.6982159646125
1036,2023-02-05,2023,2,North,USA,California,Los Angeles,Home Office,Electronics,Chairs,25370,6,7253,0.26,Standard,UPI,3,15400,40528,12.79718441172387,70.71535390667525
1037,2023-02-06,2023,2,West,India,Tamil Nadu,Chennai,Corporate,Furniture,Chairs,43533,4,13990,0.11,Standard,Card,1,23384,21168,8.067378777825978,95.69683242666086
1038,2023-02-07,2023,2,North,India,California,Los Angeles,Home Office,Electronics,Chairs,31483,7,2846,0.5,Same Day,Cash,4,17699,55897,36.53399726412967,85.71686523702087
1039,2023-02-08,2023,2,North,USA,Tamil Nadu,Chennai,Consumer,Electronics,Phones,13466,8,1432,0.49,Express,Card,1,27770,35032,34.27798854769691,68.03677423054921
1040,2023-02-09,2023,2,East,UK,Tamil Nadu,Chennai,Corporate,Electronics,Phones,29803,2,8452,0.32,Same Day,Cash,4,25518,55294,9.6079118354114,93.92620873958738
1041,2023-02-10,2023,2,East,India,Tamil Nadu,London,Corporate,Furniture,Phones,19230,7,8395,0.4,Standard,Cash,3,11832,23516,32.15799365429103,83.12964223964063
1042,2023-02-11,2023,2,East,India,California,Chennai,Home Office,Electronics,Shirts,18862,2,-1235,0.36,Same Day,Card,1,7166,39751,21.276343044216993,75.61742232458406
1043,2023-02-12,2023,2,South,India,California,Los Angeles,Consumer,Furniture,Shirts,44355,2,13822,0.3,Standard,Card,3,17026,50373,15.509886545724282,90.25109614795328
1044,2023-02-13,2023,2,West,USA,California,Los Angeles,Corporate,Clothing,Phones,32259,8,10950,0.03,Same Day,Cash,4,12979,50270,33.48364918663097,94.87330106271924
1045,2023-02-14,2023,2,West,USA,Tamil Nadu,London,Consumer,Clothing,Chairs,34539,2,7502,0.23,Same Day,UPI,3,1910,30386,13.70334973931891,82.02703387125702
1046,2023-02-15,2023,2,West,UK,California,Los Angeles,Corporate,Electronics,Shirts,22909,9,4741,0.34,Express,Cash,1,13165,56323,35.47169998318194,77.15105075885022
1047,2023-02-16,2023,2,West,UK,California,Los Angeles,Consumer,Furniture,Phones,31795,1,941,0.34,Standard,Card,1,1034,34157,13.963023143280891,90.87940859411287
1048,2023-02-17,2023,2,East,UK,Tamil Nadu,Los Angeles,Home Office,Clothing,Chairs,9770,9,-145,0.19,Express,Card,3,26792,57879,25.79681244413356,87.77177943586518
1049,2023-02-18,2023,2,South,USA,London,Chennai,Corporate,Furniture,Shirts,12093,1,10166,0.47,Standard,UPI,2,3864,59520,14.46950370134027,93.7738220287579
1050,2023-02-19,2023,2,South,USA,Tamil Nadu,Chennai,Corporate,Furniture,Chairs,47571,2,14145,0.08,Same Day,Cash,4,17916,59132,23.82439128409041,88.0829063700746
1051,2023-02-20,2023,2,East,UK,California,Los Angeles,Consumer,Electronics,Chairs,1193,6,788,0.25,Standard,Cash,4,3842,23626,27.835278767539098,75.06232182808655
1052,2023-02-21,2023,2,South,UK,Tamil Nadu,London,Consumer,Clothing,Chairs,35775,6,-4799,0.35,Express,Cash,3,26486,40400,13.51660999378399,95.01811824301156
1053,2023-02-22,2023,2,East,USA,London,Chennai,Corporate,Electronics,Chairs,18569,1,5561,0.35,Express,Card,2,22969,56643,23.1056876983197,71.04023666897375
1054,2023-02-23,2023,2,West,UK,Tamil Nadu,London,Home Office,Electronics,Shirts,12190,7,11901,0.32,Express,Cash,1,13965,58265,21.60273258731345,75.77033975309858
1055,2023-02-24,2023,2,East,India,California,Los Angeles,Consumer,Clothing,Shirts,43752,8,2737,0.14,Standard,UPI,5,5000,35979,10.060085220696896,83.08564362399268
1056,2023-02-25,2023,2,West,USA,London,Los Angeles,Consumer,Clothing,Shirts,33327,2,-3012,0.08,Express,Card,5,1672,31529,31.730926712583784,84.40651875605614
1057,2023-02-26,2023,2,West,UK,California,Chennai,Consumer,Furniture,Phones,43070,8,10441,0.32,Express,Card,3,25964,36645,17.73478961864241,68.44400701218025
1058,2023-02-27,2023,2,North,USA,London,Los Angeles,Corporate,Clothing,Shirts,21389,9,6737,0.3,Express,Cash,2,28414,46424,24.662883729004506,90.63660904880726
1059,2023-02-28,2023,2,East,India,London,Chennai,Corporate,Furniture,Chairs,41197,6,9256,0.09,Same Day,UPI,2,21401,33382,22.9287428130609,78.48661223433629
1060,2023-03-01,2023,3,North,USA,Tamil Nadu,Los Angeles,Corporate,Furniture,Shirts,3261,5,2162,0.35,Same Day,Card,4,8507,24025,22.884554632542823,79.786137689062
1061,2023-03-02,2023,3,East,USA,Tamil Nadu,Los Angeles,Corporate,Furniture,Chairs,29369,9,8065,0.23,Standard,Card,1,2141,33844,11.109449432046135,91.47171678867143
1062,2023-03-03,2023,3,East,USA,California,Chennai,Home Office,Clothing,Phones,27512,9,9114,0.33,Standard,Cash,2,17355,24175,20.28097826823065,78.9992183600988
1063,2023-03-04,2023,3,North,USA,Tamil Nadu,Chennai,Home Office,Electronics,Chairs,7716,1,3399,0.42,Express,Cash,5,19824,50519,21.118636016990536,69.36952141834789
1064,2023-03-05,2023,3,North,India,Tamil Nadu,Chennai,Corporate,Furniture,Chairs,22259,3,633,0.08,Same Day,UPI,1,9238,29174,29.275642370569006,73.11675334364016
1065,2023-03-06,2023,3,East,USA,London,Los Angeles,Home Office,Electronics,Chairs,29933,9,755,0.01,Express,Cash,1,5226,23443,32.36054612570025,95.72119199925729
1066,2023-03-07,2023,3,South,USA,Tamil Nadu,Los Angeles,Consumer,Electronics,Phones,42689,2,5825,0.39,Express,UPI,3,12289,41395,23.804486064900523,70.04175550967291
1067,2023-03-08,2023,3,West,UK,London,London,Consumer,Clothing,Shirts,5378,4,-883,0.3,Same Day,Card,2,24554,30725,10.516705667884723,78.29300482807247
1068,2023-03-09,2023,3,North,USA,London,Chennai,Consumer,Electronics,Shirts,41583,4,-3482,0.35,Same Day,UPI,3,11517,53461,14.868634647299842,82.592195844489
1069,2023-03-10,2023,3,West,UK,London,Los Angeles,Corporate,Electronics,Phones,47546,2,11346,0.42,Same Day,UPI,2,20607,51351,12.783086778729201,82.30514399281824
1070,2023-03-11,2023,3,South,India,California,Los Angeles,Consumer,Clothing,Chairs,20835,3,-2400,0.4,Standard,UPI,4,863,38196,11.613836832484617,68.11483834735213
1071,2023-03-12,2023,3,South,India,California,Chennai,Home Office,Furniture,Shirts,30033,3,8237,0.48,Standard,Card,3,10858,34254,18.61107965991642,82.53371921226721
1072,2023-03-13,2023,3,South,India,California,London,Corporate,Electronics,Phones,25000,1,13579,0.27,Express,Cash,3,3809,34021,14.652411562477079,79.12940128134487
1073,2023-03-14,2023,3,North,India,London,Chennai,Home Office,Clothing,Shirts,46496,6,-1446,0.24,Standard,Card,5,17429,25724,14.330790242533856,96.19030072876215
1074,2023-03-15,2023,3,South,UK,California,London,Consumer,Electronics,Phones,11332,8,11193,0.2,Same Day,Cash,3,3740,48690,9.586102062711761,72.61561343582106
1075,2023-03-16,2023,3,North,USA,California,Los Angeles,Consumer,Electronics,Chairs,43604,3,14233,0.08,Same Day,UPI,2,7165,21407,8.512431299067583,78.27047170602535
1076,2023-03-17,2023,3,South,India,Tamil Nadu,London,Consumer,Furniture,Shirts,3800,5,10253,0.29,Standard,UPI,5,13421,28032,10.980279036843672,80.16496306760477
1077,2023-03-18,2023,3,West,USA,California,Los Angeles,Corporate,Electronics,Phones,30538,1,11194,0.14,Express,UPI,3,2436,37794,12.99372690328536,79.33011257592752
1078,2023-03-19,2023,3,West,UK,California,Chennai,Home Office,Clothing,Shirts,31119,7,-3258,0.46,Express,UPI,3,14468,39881,20.49852813659789,87.30909400190401
1079,2023-03-20,2023,3,East,UK,London,Chennai,Corporate,Electronics,Shirts,9333,1,-3694,0.29,Standard,UPI,4,26038,40756,22.805087577666495,74.24987286888529
1080,2023-03-21,2023,3,West,UK,London,Chennai,Corporate,Furniture,Shirts,6410,9,-1151,0.3,Express,Cash,3,11697,49416,12.077165627027602,74.41107503160576
1081,2023-03-22,2023,3,East,India,London,London,Consumer,Furniture,Shirts,18839,8,7360,0.18,Express,Cash,1,12498,45752,20.318716904201402,89.14711750652474
1082,2023-03-23,2023,3,West,USA,London,Los Angeles,Corporate,Clothing,Phones,31519,7,7768,0.03,Express,UPI,5,1382,32926,17.91071642745189,82.50842504166721
1083,2023-03-24,2023,3,North,USA,London,Chennai,Corporate,Furniture,Chairs,6808,7,8032,0.02,Same Day,Card,1,20724,53765,13.319285661440725,80.039514605662
1084,2023-03-25,2023,3,West,USA,London,Chennai,Consumer,Electronics,Phones,7796,5,-805,0.21,Same Day,Card,5,7423,34390,8.198381696302542,72.9068884986403
1085,2023-03-26,2023,3,East,UK,California,Los Angeles,Corporate,Furniture,Phones,22180,5,13939,0.04,Standard,UPI,4,25946,58867,21.54351812913051,73.43828946445284
1086,2023-03-27,2023,3,East,India,London,Chennai,Consumer,Clothing,Phones,44056,5,13689,0.3,Same Day,Cash,3,21495,41939,27.88390072869078,68.30599746766111
1087,2023-03-28,2023,3,South,UK,London,Los Angeles,Consumer,Furniture,Chairs,18709,1,2619,0.44,Express,Card,3,28061,47307,14.562042690170404,70.65136179698956
1088,2023-03-29,2023,3,North,UK,Tamil Nadu,Los Angeles,Consumer,Furniture,Shirts,18543,8,4280,0.44,Same Day,Card,3,14208,50828,11.822398067003702,84.148322146017
1089,2023-03-30,2023,3,West,USA,California,Los Angeles,Consumer,Furniture,Shirts,38418,1,-2358,0.33,Standard,Card,5,25941,48513,33.72423958896189,93.86432077024389
1090,2023-03-31,2023,3,South,UK,California,Los Angeles,Corporate,Clothing,Shirts,30075,4,4369,0.11,Same Day,UPI,3,5704,44502,15.975718402146136,76.32777818878617
1091,2023-04-01,2023,4,West,USA,California,Los Angeles,Consumer,Furniture,Chairs,38755,9,9296,0.43,Express,Card,1,29385,50063,14.48476597398728,77.50466955098771
1092,2023-04-02,2023,4,West,India,London,London,Consumer,Furniture,Shirts,48968,9,10438,0.44,Express,Card,3,7788,42486,32.85581124868756,71.35256270773385
1093,2023-04-03,2023,4,South,USA,London,Chennai,Corporate,Electronics,Chairs,38465,5,10674,0.1,Standard,Card,4,3703,58258,31.69610587583608,79.27029742260598
1094,2023-04-04,2023,4,South,India,London,London,Corporate,Clothing,Shirts,31502,4,-243,0.37,Same Day,Card,1,27973,51692,21.002047645214375,69.07942943251055
1095,2023-04-05,2023,4,South,USA,Tamil Nadu,Chennai,Home Office,Furniture,Shirts,17724,3,-2006,0.14,Same Day,Cash,3,2744,58384,22.18792698140546,94.61042019159511
1096,2023-04-06,2023,4,South,UK,London,London,Corporate,Clothing,Phones,4828,3,10226,0.4,Same Day,UPI,3,518,35958,14.314712440186637,87.52022909561133
1097,2023-04-07,2023,4,South,UK,Tamil Nadu,Los Angeles,Corporate,Furniture,Chairs,18087,5,-3729,0.5,Express,UPI,2,17525,55016,10.270748443907166,96.73171547240335
1098,2023-04-08,2023,4,West,India,California,Chennai,Home Office,Furniture,Phones,13605,1,-3187,0.02,Standard,Cash,5,3583,37232,24.62952293531417,93.60187171767632
1099,2023-04-09,2023,4,South,India,London,Chennai,Corporate,Furniture,Phones,32337,5,13845,0.45,Same Day,Cash,1,22084,30748,10.852002726116181,81.71672721724643
1100,2023-04-10,2023,4,North,India,Tamil Nadu,London,Corporate,Electronics,Phones,6482,6,3475,0.31,Express,UPI,2,9021,30514,21.028961861742843,83.07086590336093
1101,2023-04-11,2023,4,East,USA,Tamil Nadu,London,Corporate,Electronics,Chairs,28005,7,-604,0.49,Express,Card,4,17749,42738,35.27441875687731,73.52670534899862
1102,2023-04-12,2023,4,South,USA,London,Chennai,Corporate,Electronics,Chairs,23760,9,4283,0.23,Express,Card,5,1273,28695,35.632197285946944,81.39914094234712
1103,2023-04-13,2023,4,South,India,California,London,Home Office,Clothing,Shirts,6463,3,8318,0.42,Same Day,UPI,1,29563,28070,14.9406363098734,94.18780833129154
1104,2023-04-14,2023,4,West,UK,California,London,Corporate,Clothing,Phones,47628,2,12200,0.03,Same Day,Card,3,5232,47765,26.09928918132398,69.47474928543882
1105,2023-04-15,2023,4,South,USA,California,London,Corporate,Electronics,Shirts,5912,3,-4918,0.17,Same Day,Cash,1,27430,50761,21.748211659127872,93.04314728695098
1106,2023-04-16,2023,4,South,USA,Tamil Nadu,Los Angeles,Home Office,Clothing,Phones,5648,9,-3080,0.03,Same Day,Card,3,28414,36698,33.394868699997076,77.88748624763568
1107,2023-04-17,2023,4,South,USA,Tamil Nadu,Los Angeles,Consumer,Furniture,Chairs,34623,7,2817,0.49,Same Day,Card,5,20402,35123,15.871495064005543,94.08587018779298
1108,2023-04-18,2023,4,West,India,Tamil Nadu,London,Home Office,Furniture,Chairs,36634,9,6683,0.41,Same Day,Card,3,28018,55144,8.10736979814009,95.28551728390306
1109,2023-04-19,2023,4,South,India,Tamil Nadu,London,Consumer,Furniture,Chairs,45602,2,6336,0.43,Same Day,UPI,4,7295,45616,12.714274972011037,87.45508172305527
1110,2023-04-20,2023,4,East,India,California,Los Angeles,Home Office,Electronics,Phones,4112,5,10596,0.47,Same Day,Cash,3,7484,57146,18.136161233912546,87.26828981118766
1111,2023-04-21,2023,4,West,India,London,Los Angeles,Home Office,Clothing,Chairs,23054,4,-2907,0.04,Same Day,Card,4,3067,31182,17.15591276334417,81.12987579355347
1112,2023-04-22,2023,4,East,India,Tamil Nadu,Chennai,Corporate,Electronics,Phones,5492,2,7905,0.19,Express,UPI,5,16621,44833,30.949524654563692,92.23066651176751
1113,2023-04-23,2023,4,West,UK,Tamil Nadu,Chennai,Consumer,Clothing,Shirts,23207,9,3367,0.04,Same Day,Card,5,2174,53342,27.736259318026296,95.88676999456521
1114,2023-04-24,2023,4,South,UK,California,Los Angeles,Corporate,Furniture,Phones,16114,9,285,0.11,Standard,Cash,1,11375,51331,16.68713326883202,90.47737220983446
1115,2023-04-25,2023,4,East,India,London,London,Consumer,Electronics,Shirts,35285,6,5896,0.11,Express,Card,4,12072,46128,21.274570697820188,86.03616527894457
1116,2023-04-26,2023,4,West,USA,London,London,Home Office,Clothing,Phones,17018,6,-63,0.23,Same Day,Cash,4,1239,51556,10.77121401479172,85.59699397881877
1117,2023-04-27,2023,4,North,India,California,London,Home Office,Clothing,Shirts,22386,8,11753,0.13,Standard,Card,2,2045,41969,34.04624689978292,92.6346271459262
1118,2023-04-28,2023,4,South,UK,California,London,Consumer,Furniture,Chairs,18740,6,13202,0.05,Same Day,Cash,2,29640,41876,35.12731990900749,83.69490920736766
1119,2023-04-29,2023,4,West,UK,London,Chennai,Corporate,Electronics,Shirts,45199,1,13485,0.08,Standard,Card,2,27335,28949,36.41430252604721,91.31193670121586
1120,2023-04-30,2023,4,North,USA,Tamil Nadu,Los Angeles,Corporate,Electronics,Chairs,9210,4,7977,0.07,Standard,Cash,3,9827,44518,33.18803209278929,82.75767240005312
1121,2023-05-01,2023,5,West,UK,London,London,Corporate,Electronics,Chairs,45363,7,14874,0.49,Standard,Card,2,5627,25670,13.04486574319054,69.8108839742438
1122,2023-05-02,2023,5,North,India,California,Chennai,Corporate,Furniture,Shirts,46639,2,13163,0.38,Standard,Card,4,23831,44099,9.339698012847236,79.1344632582205
1123,2023-05-03,2023,5,South,USA,Tamil Nadu,London,Home Office,Electronics,Phones,13743,9,2674,0.48,Express,UPI,3,23504,59335,24.808305094967544,80.88878777247346
1124,2023-05-04,2023,5,East,India,Tamil Nadu,Los Angeles,Home Office,Furniture,Phones,43092,8,12748,0.22,Express,UPI,5,9565,32716,34.4655457796102,72.1069001046119
1125,2023-05-05,2023,5,North,India,California,Chennai,Home Office,Furniture,Phones,45299,8,-1324,0.14,Standard,Cash,1,21439,58885,13.143189488132542,70.97239354648717
1126,2023-05-06,2023,5,West,USA,California,Los Angeles,Home Office,Furniture,Phones,7588,7,-2574,0.4,Same Day,Card,2,10992,27837,8.204244524100114,83.52848354005167
1127,2023-05-07,2023,5,South,India,California,Los Angeles,Home Office,Clothing,Phones,4311,4,-2038,0.16,Standard,Cash,5,22529,39159,31.359385334935087,70.46916546012638
1128,2023-05-08,2023,5,North,UK,London,Chennai,Corporate,Electronics,Chairs,23432,2,-4141,0.15,Express,UPI,4,25827,56877,10.227074844315286,76.78540986881244
1129,2023-05-09,2023,5,West,India,London,Chennai,Corporate,Electronics,Phones,34755,3,7048,0.12,Same Day,Cash,1,14249,41560,19.997474925390883,89.5933123029292
1130,2023-05-10,2023,5,West,USA,Tamil Nadu,Chennai,Corporate,Furniture,Chairs,4321,6,-862,0.06,Express,Cash,5,24008,37106,27.687732778474764,95.96853320747144
1131,2023-05-11,2023,5,West,USA,California,Chennai,Corporate,Furniture,Chairs,16812,5,-2576,0.13,Express,UPI,1,9545,28720,14.867129978229224,88.81824683600593
1132,2023-05-12,2023,5,North,USA,Tamil Nadu,Chennai,Home Office,Electronics,Chairs,38383,8,5409,0.18,Same Day,Card,2,20616,57661,10.434914339955075,96.78614090513324
1133,2023-05-13,2023,5,North,India,Tamil Nadu,Chennai,Home Office,Furniture,Shirts,49280,6,-983,0.34,Standard,Cash,4,19167,48362,30.330615625219032,88.25180116710268
1134,2023-05-14,2023,5,North,USA,Tamil Nadu,Chennai,Home Office,Electronics,Shirts,14146,6,5451,0.03,Standard,UPI,1,10021,48258,26.2750774617242,76.5200396489755
1135,2023-05-15,2023,5,East,USA,Tamil Nadu,London,Consumer,Clothing,Chairs,14654,1,5278,0.11,Standard,Card,5,9169,41782,36.666224050117336,87.48952367465549
1136,2023-05-16,2023,5,North,India,California,Los Angeles,Corporate,Furniture,Shirts,36820,4,5996,0.4,Standard,UPI,2,27802,41120,17.98493296627882,88.36254619071022
1137,2023-05-17,2023,5,North,UK,Tamil Nadu,Chennai,Corporate,Electronics,Phones,1726,5,-3866,0.07,Same Day,Cash,2,11783,39790,9.791109202415791,78.78008255387735
1138,2023-05-18,2023,5,North,India,California,London,Home Office,Furniture,Phones,4760,3,119,0.17,Same Day,Card,5,7498,47912,29.296151024723578,68.51370166767228
1139,2023-05-19,2023,5,East,USA,California,London,Corporate,Electronics,Chairs,23190,9,694,0.43,Same Day,Card,5,29306,54812,23.130269146744123,88.39279375848912
1140,2023-05-20,2023,5,North,USA,London,London,Corporate,Electronics,Phones,2875,1,-836,0.08,Express,UPI,1,13940,56160,14.182914010284918,68.6293027629907
1141,2023-05-21,2023,5,West,India,California,Los Angeles,Home Office,Furniture,Chairs,24377,6,13730,0.04,Same Day,UPI,3,13197,39156,30.670140681138022,86.30445426374206
1142,2023-05-22,2023,5,North,UK,London,Chennai,Consumer,Clothing,Chairs,47737,6,39,0.24,Standard,UPI,2,14233,30672,13.908909089648368,72.74487817353409
1143,2023-05-23,2023,5,West,USA,California,London,Consumer,Electronics,Phones,5033,5,9631,0.15,Express,Card,1,22297,34444,15.559187990155161,84.40250230469326
1144,2023-05-24,2023,5,West,USA,California,Los Angeles,Consumer,Electronics,Shirts,39211,5,5442,0.28,Standard,Card,5,1769,26784,10.683328076634854,82.6134777360374
1145,2023-05-25,2023,5,West,USA,California,Los Angeles,Home Office,Electronics,Phones,18373,5,3252,0.4,Standard,Cash,1,8368,37929,19.58353609189478,68.39189562687929
1146,2023-05-26,2023,5,East,India,London,Los Angeles,Corporate,Clothing,Phones,4744,6,12721,0.07,Same Day,Card,5,12873,21070,20.14894749418515,78.523108692858
1147,2023-05-27,2023,5,East,USA,London,London,Home Office,Clothing,Chairs,25995,8,12568,0.29,Same Day,Cash,4,19487,42906,22.922291920100655,85.43164385449278
1148,2023-05-28,2023,5,East,UK,Tamil Nadu,Chennai,Home Office,Furniture,Chairs,17977,2,-3449,0.25,Standard,UPI,5,6461,54618,28.559963746589546,92.60959000506462
1149,2023-05-29,2023,5,North,USA,London,London,Corporate,Clothing,Chairs,33402,6,7625,0.07,Standard,UPI,5,16234,22939,34.27692693173235,93.770621301259
1150,2023-05-30,2023,5,West,USA,London,London,Consumer,Furniture,Chairs,35542,1,-3371,0.31,Express,Card,5,10161,49841,11.99428886774645,82.03164913096347
1151,2023-05-31,2023,5,East,UK,London,Chennai,Consumer,Furniture,Shirts,11651,4,12910,0.14,Same Day,UPI,3,9069,36301,9.576094852111055,89.1242521316837
1152,2023-06-01,2023,6,East,USA,London,Chennai,Home Office,Clothing,Shirts,34703,3,-3639,0.24,Express,UPI,5,8057,27194,8.537405774235665,77.17718271947027
1153,2023-06-02,2023,6,North,India,Tamil Nadu,Chennai,Consumer,Furniture,Shirts,14395,9,-630,0.04,Express,Card,2,18564,25851,12.165019963995672,77.92340576700107
1154,2023-06-03,2023,6,East,India,London,Los Angeles,Home Office,Clothing,Chairs,30808,3,283,0.23,Express,Cash,2,8933,36378,27.08053508766715,73.6394420562871
1155,2023-06-04,2023,6,North,India,California,Chennai,Home Office,Furniture,Chairs,37576,6,2610,0.15,Standard,Card,1,16153,20678,29.096835261898402,84.29649518980393
1156,2023-06-05,2023,6,South,UK,California,London,Corporate,Clothing,Chairs,17715,1,5558,0.41,Express,Cash,3,9611,50640,30.808665692315543,77.1223603768936
1157,2023-06-06,2023,6,East,USA,London,Chennai,Corporate,Clothing,Shirts,45409,6,9924,0.03,Express,Card,1,6182,53756,15.067538145225937,70.44675599671665
1158,2023-06-07,2023,6,South,India,London,London,Corporate,Furniture,Chairs,25306,4,9839,0.21,Standard,Card,2,15979,49777,16.870949584584075,87.86517651323219
1159,2023-06-08,2023,6,North,UK,California,Los Angeles,Home Office,Electronics,Phones,20086,8,6949,0.23,Same Day,UPI,2,15547,46183,22.010904721399484,88.52484302055655
1160,2023-06-09,2023,6,West,USA,California,London,Corporate,Furniture,Phones,15376,9,5626,0.36,Same Day,Card,4,8584,47445,9.832309808946569,78.43978014459267
1161,2023-06-10,2023,6,East,UK,Tamil Nadu,London,Consumer,Clothing,Chairs,6889,4,-3007,0.29,Express,Card,5,22251,21502,25.72310417312614,70.22497858422466
1162,2023-06-11,2023,6,North,India,California,Chennai,Consumer,Electronics,Phones,38822,6,-4131,0.33,Standard,Cash,2,16953,41665,36.52831597659697,80.36263380469936
1163,2023-06-12,2023,6,West,India,California,Chennai,Home Office,Furniture,Phones,37636,1,-3986,0.39,Same Day,UPI,1,20808,36198,18.463383029962074,80.82772828345625
1164,2023-06-13,2023,6,West,India,London,London,Home Office,Furniture,Shirts,21584,4,5103,0.43,Express,Cash,1,6700,41411,29.832576777650136,87.3914556620389
1165,2023-06-14,2023,6,South,UK,California,Chennai,Corporate,Furniture,Chairs,35610,7,11986,0.16,Express,Cash,5,10778,35867,22.50098355151863,77.14707534650182
1166,2023-06-15,2023,6,North,UK,Tamil Nadu,Los Angeles,Home Office,Electronics,Chairs,11058,1,7013,0.27,Standard,UPI,5,2507,34266,11.7065434864511,87.79537911365786
1167,2023-06-16,2023,6,West,India,California,Los Angeles,Home Office,Clothing,Shirts,10101,8,-4310,0.42,Express,UPI,4,25876,59422,24.884886015275004,93.27316771096426
1168,2023-06-17,2023,6,East,UK,London,Chennai,Consumer,Furniture,Phones,13497,6,11873,0.49,Same Day,UPI,3,16302,55208,16.696353784877886,74.8870952285038
1169,2023-06-18,2023,6,East,India,London,Los Angeles,Consumer,Furniture,Phones,5658,5,5748,0.44,Standard,Card,1,13829,51213,8.997693045150289,96.38866712747709
1170,2023-06-19,2023,6,South,India,California,Chennai,Corporate,Furniture,Chairs,12381,9,3024,0.19,Same Day,UPI,5,25003,27367,26.41296217341457,79.2046759769674
1171,2023-06-20,2023,6,West,USA,London,London,Home Office,Furniture,Phones,41312,2,11678,0.1,Same Day,UPI,1,3279,33490,32.9090381304171,75.7505018692648
1172,2023-06-21,2023,6,North,UK,Tamil Nadu,London,Home Office,Furniture,Shirts,41486,5,488,0.24,Same Day,UPI,5,21804,55362,17.99832324009635,80.22382429279843
1173,2023-06-22,2023,6,East,India,Tamil Nadu,Los Angeles,Consumer,Clothing,Shirts,47619,6,6035,0.37,Express,Cash,2,1255,58285,19.318570869170344,70.73752680121191
1174,2023-06-23,2023,6,West,India,California,Chennai,Home Office,Clothing,Chairs,18154,7,14296,0.25,Express,Cash,1,6995,29219,33.839628806049134,71.64547128885135
1175,2023-06-24,2023,6,West,UK,California,Chennai,Consumer,Furniture,Shirts,20539,5,13257,0.24,Same Day,Card,2,10687,26310,31.59465558765332,80.0185873620816
1176,2023-06-25,2023,6,South,USA,California,Los Angeles,Corporate,Electronics,Shirts,12777,9,7855,0.42,Same Day,Cash,1,22819,56307,28.733631883001536,90.1108911362339
1177,2023-06-26,2023,6,East,USA,London,London,Consumer,Clothing,Chairs,35396,1,14642,0.18,Standard,Card,3,10013,49631,15.215114848841289,94.10905494766024
1178,2023-06-27,2023,6,East,India,Tamil Nadu,Los Angeles,Home Office,Electronics,Shirts,31373,7,-2183,0.43,Standard,Cash,4,19214,34744,34.39628299403269,87.27972173077185
1179,2023-06-28,2023,6,North,UK,Tamil Nadu,London,Corporate,Clothing,Shirts,34154,7,-542,0.2,Express,UPI,2,22589,39867,12.478056968637176,71.05136710190692
1180,2023-06-29,2023,6,East,USA,London,Chennai,Consumer,Furniture,Shirts,7031,4,307,0.16,Express,Cash,5,25185,38625,26.176345063099433,87.48857310323552
1181,2023-06-30,2023,6,North,UK,Tamil Nadu,London,Consumer,Clothing,Phones,28997,9,3933,0.23,Standard,Card,3,17900,26378,8.835234235849043,86.42740970038619
1182,2023-07-01,2023,7,East,UK,California,Los Angeles,Corporate,Furniture,Chairs,7439,5,13425,0.38,Same Day,Cash,1,7847,39149,26.66787438342343,91.3671536305066
1183,2023-07-02,2023,7,South,India,California,Chennai,Corporate,Clothing,Chairs,23785,4,12063,0.06,Express,UPI,2,14749,31422,16.037186204327433,91.93221133291324
1184,2023-07-03,2023,7,East,USA,California,Los Angeles,Consumer,Furniture,Chairs,14392,7,5659,0.1,Same Day,Card,1,15379,47926,21.04063233832788,93.17788919759039
1185,2023-07-04,2023,7,North,India,Tamil Nadu,Los Angeles,Home Office,Furniture,Phones,29669,4,738,0.48,Standard,UPI,1,14557,57679,18.012672009654537,80.00981392279385
1186,2023-07-05,2023,7,North,USA,California,London,Consumer,Furniture,Phones,29939,3,668,0.09,Express,UPI,1,12557,53171,13.009945931140088,88.23806746521218
1187,2023-07-06,2023,7,South,USA,London,Los Angeles,Corporate,Furniture,Chairs,3282,9,9427,0.28,Express,Card,4,25100,33180,26.037442912722348,75.779260408747
1188,2023-07-07,2023,7,East,USA,London,London,Consumer,Electronics,Phones,35624,8,2697,0.29,Standard,UPI,4,5438,47301,33.57729109907761,96.98075211952163
1189,2023-07-08,2023,7,East,USA,Tamil Nadu,Chennai,Corporate,Furniture,Chairs,49438,1,11446,0.24,Express,UPI,5,19722,56931,35.8134430261897,73.08469299992893
1190,2023-07-09,2023,7,South,USA,London,London,Corporate,Electronics,Phones,25364,7,2829,0.32,Standard,Cash,2,1237,44014,13.578044531463537,68.29331851816424
1191,2023-07-10,2023,7,East,UK,London,Chennai,Home Office,Electronics,Shirts,2998,9,5751,0.11,Express,UPI,3,6700,50936,28.80381044782623,72.3154527210271
1192,2023-07-11,2023,7,East,India,Tamil Nadu,London,Corporate,Furniture,Shirts,32705,8,8450,0.28,Standard,UPI,3,8871,34336,27.265841631564786,90.50029639677967
1193,2023-07-12,2023,7,North,UK,California,Los Angeles,Corporate,Electronics,Chairs,39244,8,2352,0.19,Express,UPI,3,17115,42200,17.957955897662604,80.95672661873813
1194,2023-07-13,2023,7,East,USA,California,London,Home Office,Clothing,Phones,10428,6,8516,0.33,Same Day,UPI,1,18801,25470,8.55387678125805,80.97750718650242
1195,2023-07-14,2023,7,East,India,California,London,Corporate,Furniture,Phones,38437,4,3326,0.07,Same Day,Card,4,9034,50859,28.003946172073118,95.69566466873839
1196,2023-07-15,2023,7,South,USA,Tamil Nadu,Chennai,Home Office,Electronics,Shirts,13336,8,-1356,0.29,Same Day,Cash,2,29648,34953,35.4193509562255,94.66941233281415
1197,2023-07-16,2023,7,South,India,London,Los Angeles,Home Office,Furniture,Shirts,10342,3,3003,0.09,Express,UPI,1,22802,59044,26.33148353555389,77.02464739631627
1198,2023-07-17,2023,7,West,UK,California,London,Corporate,Furniture,Phones,40832,9,-1722,0.14,Express,UPI,4,3123,58507,20.62348900144139,74.06268573464511
1199,2023-07-18,2023,7,North,India,California,Los Angeles,Corporate,Furniture,Phones,8446,2,2296,0.11,Same Day,Card,4,9146,47433,23.229462929237222,92.60598408807846
1200,2023-07-19,2023,7,East,India,Tamil Nadu,London,Consumer,Electronics,Phones,39392,2,-1926,0.09,Same Day,UPI,2,14043,45957,13.789235422137608,94.27455306028654
1201,2023-07-20,2023,7,East,India,California,London,Home Office,Clothing,Phones,8461,7,8261,0.41,Standard,Card,2,29460,26523,29.76578074885839,83.70631076115612
1202,2023-07-21,2023,7,West,India,Tamil Nadu,Los Angeles,Consumer,Clothing,Phones,35587,4,6173,0.14,Standard,Cash,2,23285,41387,29.646175070285622,86.25328762239592
1203,2023-07-22,2023,7,East,India,London,London,Corporate,Electronics,Phones,11516,8,3312,0.46,Standard,Cash,1,13317,51169,12.220001711235323,75.4505142560765
1204,2023-07-23,2023,7,North,USA,Tamil Nadu,Los Angeles,Consumer,Furniture,Chairs,14749,9,-3363,0.48,Same Day,UPI,5,23956,42990,33.46137309249011,91.22327795137721
1205,2023-07-24,2023,7,West,India,Tamil Nadu,London,Home Office,Electronics,Phones,18514,7,8652,0.29,Same Day,UPI,2,19160,49661,15.806502444725853,86.33155042502167
1206,2023-07-25,2023,7,North,India,Tamil Nadu,Chennai,Consumer,Electronics,Shirts,36426,5,103,0.07,Same Day,UPI,5,24277,33419,36.48542576716183,82.60189182764191
1207,2023-07-26,2023,7,West,UK,Tamil Nadu,Los Angeles,Home Office,Electronics,Chairs,37268,8,12028,0.19,Standard,Card,1,25671,34457,19.10418740708013,69.74314812627348
1208,2023-07-27,2023,7,West,India,London,London,Corporate,Furniture,Phones,25950,4,-2968,0.4,Express,UPI,5,20758,22064,13.158637703300489,94.56211391282346
1209,2023-07-28,2023,7,South,UK,London,London,Corporate,Electronics,Shirts,35888,2,-2239,0.18,Same Day,UPI,3,21414,58083,18.199883229023918,85.84809119114777
1210,2023-07-29,2023,7,North,USA,California,Chennai,Home Office,Furniture,Chairs,37788,6,10195,0.04,Express,Cash,5,24048,30566,20.7652295322186,73.58804174609607
1211,2023-07-30,2023,7,East,India,London,Los Angeles,Corporate,Electronics,Shirts,11213,9,13452,0.28,Express,UPI,2,4997,53085,10.00992541811055,85.58519739250853
1212,2023-07-31,2023,7,East,UK,London,London,Corporate,Clothing,Phones,37027,1,11625,0.42,Express,Cash,1,27745,51528,24.768333055475395,87.64643727295923
1213,2023-08-01,2023,8,North,UK,California,Chennai,Corporate,Electronics,Phones,29011,7,-2332,0.4,Standard,UPI,2,8433,26130,25.33134075619811,83.24733976381354
1214,2023-08-02,2023,8,East,USA,London,London,Corporate,Electronics,Phones,43849,9,9638,0.09,Express,Cash,3,19019,22042,29.428983205134696,88.82495040072465
1215,2023-08-03,2023,8,East,India,Tamil Nadu,Los Angeles,Home Office,Clothing,Phones,35591,9,10954,0.34,Same Day,UPI,2,7227,24598,8.845926876431555,84.86216448993011
1216,2023-08-04,2023,8,North,India,Tamil Nadu,London,Consumer,Furniture,Chairs,18858,3,12186,0.11,Standard,Cash,2,12656,52886,23.695908218581074,95.4853178789323
1217,2023-08-05,2023,8,West,UK,California,London,Consumer,Furniture,Chairs,19626,5,7356,0.11,Same Day,Card,2,18449,53477,9.534315564849267,69.5572152793799
1218,2023-08-06,2023,8,North,India,California,London,Corporate,Electronics,Shirts,14467,8,-4805,0.44,Same Day,Cash,4,17192,48716,28.333182379032948,71.08112554561725
1219,2023-08-07,2023,8,West,UK,California,London,Consumer,Clothing,Phones,40758,8,-2813,0.12,Standard,Cash,3,25418,32601,9.61611158532855,73.03647747167585
1220,2023-08-08,2023,8,East,India,Tamil Nadu,Chennai,Consumer,Furniture,Shirts,4134,4,6707,0.13,Same Day,Cash,2,9127,56018,34.44010760190734,88.01496104752563
1221,2023-08-09,2023,8,East,UK,London,Chennai,Corporate,Electronics,Chairs,17743,1,-2670,0.0,Same Day,UPI,2,8868,28061,28.3603944396504,86.72228030974445
1222,2023-08-10,2023,8,East,India,Tamil Nadu,Los Angeles,Corporate,Clothing,Phones,16434,1,-1394,0.44,Standard,UPI,2,17022,28609,22.714303187469554,93.86970694608112
1223,2023-08-11,2023,8,South,USA,California,Chennai,Consumer,Furniture,Phones,48775,4,-4940,0.4,Same Day,UPI,1,17077,55371,20.803613775154073,89.25344613363305
1224,2023-08-12,2023,8,West,India,London,Chennai,Home Office,Furniture,Chairs,11233,6,9387,0.31,Express,Card,4,20141,37485,11.78950628198461,82.74230913937318
1225,2023-08-13,2023,8,South,India,London,Los Angeles,Corporate,Clothing,Chairs,2141,8,-1073,0.38,Same Day,Card,1,16077,40805,16.43898229737523,96.76312198144528
1226,2023-08-14,2023,8,South,USA,Tamil Nadu,Chennai,Home Office,Clothing,Chairs,19019,6,1296,0.08,Express,Cash,4,20119,27857,33.19981404560599,75.71713072890968
1227,2023-08-15,2023,8,North,India,California,Chennai,Consumer,Clothing,Chairs,21384,9,8622,0.23,Same Day,Card,2,13972,31620,34.22913153531232,92.16255813377816
1228,2023-08-16,2023,8,South,USA,Tamil Nadu,Los Angeles,Corporate,Clothing,Chairs,43903,9,9125,0.18,Standard,Cash,3,1442,28177,8.0216835427454,80.37692079362367
1229,2023-08-17,2023,8,North,India,London,Los Angeles,Home Office,Electronics,Phones,46734,2,-2409,0.05,Standard,Cash,5,5120,50111,25.229955352848986,86.81331902739629
1230,2023-08-18,2023,8,North,UK,Tamil Nadu,Los Angeles,Corporate,Clothing,Chairs,37129,1,7127,0.24,Same Day,Cash,5,28955,43042,28.859717661728293,89.09078564312058
1231,2023-08-19,2023,8,South,UK,Tamil Nadu,London,Consumer,Furniture,Phones,23967,2,10748,0.46,Standard,Card,2,22604,38645,25.943662491270583,86.37886852851975
1232,2023-08-20,2023,8,West,India,California,London,Home Office,Furniture,Phones,41603,5,1121,0.02,Same Day,UPI,1,16695,44405,10.368713181124265,72.07471179014921
1233,2023-08-21,2023,8,West,India,California,Los Angeles,Consumer,Electronics,Chairs,12172,4,-3800,0.15,Standard,Card,3,28189,31826,14.314022065168164,80.84557931169005
1234,2023-08-22,2023,8,West,India,London,Los Angeles,Consumer,Furniture,Chairs,17390,4,10721,0.1,Express,Cash,4,11654,33890,15.259867754060195,84.2817129600606
1235,2023-08-23,2023,8,West,UK,Tamil Nadu,Los Angeles,Corporate,Furniture,Phones,4267,9,14238,0.12,Same Day,Cash,2,6853,36892,32.1200143078476,92.6222690161793
1236,2023-08-24,2023,8,West,India,Tamil Nadu,London,Home Office,Clothing,Chairs,40332,8,6087,0.45,Express,Card,3,29912,29484,21.432783652958694,80.8657267151586
1237,2023-08-25,2023,8,South,UK,Tamil Nadu,London,Consumer,Furniture,Chairs,27167,6,1972,0.23,Express,Cash,3,21841,25495,22.118018146295867,94.64367183932329
1238,2023-08-26,2023,8,South,USA,London,Chennai,Consumer,Electronics,Chairs,22312,1,-4864,0.23,Same Day,Cash,4,9645,48481,35.11189835008075,80.77085246773112
1239,2023-08-27,2023,8,East,UK,London,Chennai,Home Office,Clothing,Shirts,28840,2,12413,0.38,Express,Card,3,9994,31267,26.47549077678675,83.91461591862733
1240,2023-08-28,2023,8,West,UK,California,Los Angeles,Consumer,Clothing,Phones,19990,6,10346,0.08,Same Day,Card,1,14062,26743,34.06136334502725,91.09228480534122
1241,2023-08-29,2023,8,South,USA,California,London,Consumer,Electronics,Shirts,45179,2,13978,0.24,Express,Card,1,20265,57939,21.238756804904455,84.90896284824217
1242,2023-08-30,2023,8,East,UK,California,London,Home Office,Clothing,Chairs,6906,5,-4339,0.21,Same Day,Cash,1,22723,46569,12.333651497030534,95.8463240991019
1243,2023-08-31,2023,8,West,India,Tamil Nadu,London,Home Office,Clothing,Shirts,49796,5,-2528,0.3,Same Day,Cash,3,3380,48552,34.968132228148484,87.1497390849097
1244,2023-09-01,2023,9,North,India,Tamil Nadu,Los Angeles,Home Office,Electronics,Chairs,41379,6,-4914,0.5,Standard,UPI,1,27263,48948,21.30244835435861,83.15857416796044
1245,2023-09-02,2023,9,East,UK,California,Chennai,Home Office,Clothing,Shirts,18297,6,5704,0.38,Same Day,UPI,4,21771,30775,13.267311234485835,68.68416706564308
1246,2023-09-03,2023,9,South,India,Tamil Nadu,Los Angeles,Corporate,Electronics,Chairs,3011,6,1219,0.2,Same Day,Card,3,1045,23557,16.769476468813743,79.99825402982957
1247,2023-09-04,2023,9,North,UK,California,Chennai,Home Office,Electronics,Shirts,45014,2,11322,0.41,Express,UPI,5,14632,23587,9.473275100979325,76.67820415854464
1248,2023-09-05,2023,9,North,India,London,Chennai,Corporate,Furniture,Shirts,47558,3,9749,0.09,Same Day,Cash,3,13804,36535,21.580717152235167,89.69506436873719
1249,2023-09-06,2023,9,North,India,California,Los Angeles,Corporate,Furniture,Shirts,12738,6,1968,0.02,Standard,UPI,4,2427,20954,32.74071698539686,74.04005257945283
1250,2023-09-07,2023,9,East,UK,London,Chennai,Corporate,Clothing,Phones,29797,8,14157,0.1,Express,Cash,5,21036,43544,35.07383322419399,73.95138253152808
1251,2023-09-08,2023,9,South,India,Tamil Nadu,Chennai,Consumer,Clothing,Shirts,48498,1,8596,0.17,Express,Card,3,16888,53455,35.04546401760567,73.49605225388393
1252,2023-09-09,2023,9,North,UK,California,London,Corporate,Electronics,Phones,12120,1,-3300,0.26,Standard,Card,1,12173,35138,11.631670743233656,71.64285278153085
1253,2023-09-10,2023,9,West,India,Tamil Nadu,Chennai,Corporate,Clothing,Chairs,9767,2,-2300,0.31,Express,Cash,2,22417,23127,19.07956259282065,77.01920310645573
1254,2023-09-11,2023,9,North,India,London,Los Angeles,Consumer,Electronics,Shirts,23852,6,6821,0.46,Express,UPI,2,28329,43147,8.818634029870484,93.69174131885933
1255,2023-09-12,2023,9,North,USA,London,Los Angeles,Consumer,Electronics,Chairs,14703,9,13031,0.25,Express,Card,1,15872,31559,32.79979500417271,90.4729256968727
1256,2023-09-13,2023,9,East,USA,London,Chennai,Consumer,Clothing,Chairs,1929,4,520,0.25,Express,Card,2,26438,23395,18.40391709861694,89.322285272897
1257,2023-09-14,2023,9,East,UK,Tamil Nadu,London,Home Office,Electronics,Shirts,12951,3,6510,0.03,Standard,UPI,2,26896,45389,26.302393808874807,91.12276736384892
1258,2023-09-15,2023,9,South,USA,Tamil Nadu,London,Consumer,Furniture,Phones,27039,8,-1313,0.02,Standard,UPI,1,22262,20845,28.73205470424137,75.81311879055758
1259,2023-09-16,2023,9,West,UK,Tamil Nadu,Chennai,Consumer,Clothing,Shirts,49613,9,11980,0.28,Express,Cash,1,23117,53932,20.465495422551506,93.73580903182214
1260,2023-09-17,2023,9,East,USA,Tamil Nadu,Chennai,Corporate,Furniture,Chairs,30504,5,3837,0.22,Express,UPI,3,3163,58672,16.886827759957047,71.98179787910652
1261,2023-09-18,2023,9,North,India,London,Los Angeles,Consumer,Clothing,Chairs,18438,9,9955,0.42,Standard,UPI,3,28014,33731,35.904174393362396,77.75402607475188
1262,2023-09-19,2023,9,South,UK,London,Chennai,Home Office,Electronics,Shirts,49515,2,6281,0.08,Standard,UPI,1,15533,53122,35.97015852569177,85.01569545005295
1263,2023-09-20,2023,9,North,UK,California,London,Consumer,Clothing,Phones,6744,3,8917,0.01,Standard,Cash,4,9965,55585,16.393654672870635,70.98424756191802
1264,2023-09-21,2023,9,North,India,California,Chennai,Home Office,Furniture,Phones,19284,7,-243,0.22,Express,Cash,2,3826,23832,21.909127805589286,89.17377544551633
1265,2023-09-22,2023,9,East,UK,Tamil Nadu,Los Angeles,Consumer,Electronics,Chairs,43417,7,8045,0.12,Express,Card,3,4159,52332,36.21248060114065,79.23013539790077
1266,2023-09-23,2023,9,South,UK,London,Los Angeles,Consumer,Clothing,Chairs,40748,6,3912,0.02,Same Day,Cash,2,28021,32467,8.141183822009594,90.7477643026436
1267,2023-09-24,2023,9,West,USA,London,Los Angeles,Consumer,Clothing,Phones,8069,6,-267,0.36,Standard,Card,5,28094,33107,19.967669202995328,82.29399228195348
1268,2023-09-25,2023,9,West,UK,London,Los Angeles,Consumer,Clothing,Shirts,43359,2,2081,0.06,Express,UPI,1,18015,32458,10.913268940748084,73.24536120833476
1269,2023-09-26,2023,9,East,India,California,Los Angeles,Home Office,Furniture,Chairs,20799,6,3690,0.3,Standard,Card,4,5263,48666,22.765581001315475,89.30809252930499
1270,2023-09-27,2023,9,East,USA,California,Chennai,Home Office,Furniture,Phones,34210,4,-3327,0.14,Express,Card,5,23621,22581,8.715428681674128,75.31217471932936
1271,2023-09-28,2023,9,South,USA,London,Chennai,Corporate,Clothing,Chairs,29226,3,9318,0.09,Standard,UPI,5,11328,29582,19.80005451032821,82.23349873677324
1272,2023-09-29,2023,9,West,India,London,Chennai,Home Office,Electronics,Shirts,5652,2,6171,0.19,Express,Card,5,15320,28418,14.400273168774719,70.19046480555032
1273,2023-09-30,2023,9,West,India,London,Chennai,Consumer,Electronics,Phones,25323,1,8545,0.4,Same Day,Cash,1,11721,48091,23.46594251130348,85.91813297794906
1274,2023-10-01,2023,10,West,USA,California,Los Angeles,Corporate,Furniture,Chairs,43138,5,6803,0.2,Same Day,Cash,3,11711,49113,36.88381582392029,87.30987522027203
1275,2023-10-02,2023,10,North,UK,London,London,Corporate,Electronics,Shirts,8597,2,-2706,0.38,Standard,Cash,1,14069,38827,31.21554704867568,78.98155208921072
1276,2023-10-03,2023,10,West,USA,London,Chennai,Corporate,Furniture,Chairs,48093,2,-1370,0.06,Express,Cash,3,5592,34419,32.523620657108225,95.67826062931114
1277,2023-10-04,2023,10,North,India,Tamil Nadu,London,Consumer,Clothing,Shirts,38226,7,10093,0.39,Express,Card,5,6522,31814,26.422684633413347,93.35089872297999
1278,2023-10-05,2023,10,South,USA,Tamil Nadu,Chennai,Home Office,Furniture,Shirts,7591,8,11530,0.12,Standard,Card,5,13069,53804,9.205235599895499,88.53028655645986
1279,2023-10-06,2023,10,North,India,California,Chennai,Consumer,Furniture,Phones,26833,8,9453,0.34,Express,UPI,4,20043,30024,13.997132605280179,88.69591016031853
1280,2023-10-07,2023,10,South,USA,London,London,Corporate,Clothing,Shirts,12826,4,7174,0.28,Standard,Card,3,14015,27435,34.826872136964596,75.3196497333224
1281,2023-10-08,2023,10,West,UK,London,Los Angeles,Consumer,Electronics,Chairs,27417,1,-1547,0.46,Express,Card,5,6659,21548,18.617280419933785,87.04764170156503
1282,2023-10-09,2023,10,West,USA,Tamil Nadu,Chennai,Consumer,Furniture,Shirts,19693,7,-493,0.19,Standard,Card,2,24202,25065,11.00546506794307,73.74798169183006
1283,2023-10-10,2023,10,South,USA,California,Chennai,Home Office,Furniture,Shirts,15138,1,5602,0.03,Express,UPI,4,13723,42880,28.369755610119856,72.17609349367484
1284,2023-10-11,2023,10,East,India,Tamil Nadu,Chennai,Home Office,Clothing,Phones,3169,4,628,0.01,Standard,Cash,1,8945,23407,16.684273994093385,96.98456893187483
1285,2023-10-12,2023,10,South,India,Tamil Nadu,London,Corporate,Electronics,Shirts,19556,8,3328,0.41,Express,Card,4,22191,53407,15.796850474220978,86.04890201272205
1286,2023-10-13,2023,10,East,India,Tamil Nadu,Los Angeles,Consumer,Furniture,Shirts,23052,2,10534,0.26,Same Day,UPI,2,25404,52940,36.941346211189554,80.49864830705853
1287,2023-10-14,2023,10,North,USA,Tamil Nadu,London,Consumer,Clothing,Chairs,7313,6,14744,0.39,Express,UPI,3,27667,25666,32.886028825772975,76.35677116363459
1288,2023-10-15,2023,10,North,UK,London,London,Home Office,Furniture,Phones,9315,6,14389,0.12,Standard,UPI,1,11522,57122,19.83019673266739,85.5136928662046
1289,2023-10-16,2023,10,North,India,London,Los Angeles,Consumer,Clothing,Phones,9036,9,-1448,0.17,Same Day,Cash,1,3544,45092,36.42757502667847,69.43821173838249
1290,2023-10-17,2023,10,West,India,Tamil Nadu,London,Consumer,Electronics,Phones,32778,5,11402,0.02,Express,Card,3,10112,30109,26.853283479157195,70.74574872463906
1291,2023-10-18,2023,10,North,USA,California,Los Angeles,Consumer,Electronics,Shirts,28734,4,-2758,0.48,Same Day,UPI,4,6136,55654,29.518651104513047,68.9528442344715
1292,2023-10-19,2023,10,East,India,California,Chennai,Home Office,Electronics,Phones,24173,5,9665,0.33,Express,Cash,5,12093,54932,8.913878249384137,82.4759251646172
1293,2023-10-20,2023,10,North,UK,California,Los Angeles,Corporate,Electronics,Shirts,31403,5,97,0.47,Same Day,UPI,4,16679,46505,11.526552521093656,85.4175922464283
1294,2023-10-21,2023,10,South,UK,California,Chennai,Corporate,Furniture,Shirts,1785,8,3640,0.13,Standard,UPI,2,3392,56713,26.359468668390914,69.81191307937681
1295,2023-10-22,2023,10,South,India,Tamil Nadu,London,Consumer,Furniture,Chairs,7139,8,-3052,0.31,Express,UPI,5,22172,27746,34.071695496835034,88.91550955746858
1296,2023-10-23,2023,10,West,India,London,London,Corporate,Electronics,Chairs,7344,2,618,0.34,Express,UPI,4,6312,31975,26.088568056540275,74.68145707392237
1297,2023-10-24,2023,10,South,USA,California,Chennai,Home Office,Electronics,Chairs,19800,7,-764,0.16,Standard,UPI,3,1154,35596,11.886721935250762,87.87084215932612
1298,2023-10-25,2023,10,East,UK,Tamil Nadu,London,Home Office,Electronics,Chairs,26372,8,-3080,0.42,Same Day,Cash,2,22365,57953,11.357041341143415,96.47501706102213
1299,2023-10-26,2023,10,North,UK,California,Los Angeles,Corporate,Furniture,Chairs,21538,6,6169,0.47,Standard,Card,2,17643,53861,32.48139097889837,88.04207023156168
1300,2023-10-27,2023,10,West,India,California,Chennai,Corporate,Electronics,Shirts,15973,5,-812,0.44,Standard,Card,2,23666,23880,12.039767822529516,93.61259853478464
1301,2023-10-28,2023,10,North,USA,Tamil Nadu,London,Consumer,Electronics,Shirts,6619,9,7207,0.37,Same Day,Card,5,2298,22785,23.086726854616735,95.49775669554896
1302,2023-10-29,2023,10,North,UK,London,Chennai,Corporate,Electronics,Phones,35704,3,-4762,0.14,Standard,Card,1,5659,42449,9.076286278906766,82.11578040221715
1303,2023-10-30,2023,10,East,UK,London,Los Angeles,Consumer,Clothing,Shirts,37575,4,-4796,0.14,Express,Cash,5,28047,34799,10.339423254344144,88.3674244031715
1304,2023-10-31,2023,10,South,USA,Tamil Nadu,Los Angeles,Consumer,Electronics,Shirts,40919,9,5799,0.48,Express,Cash,4,29587,59307,27.49809976164308,92.70710835311941
1305,2023-11-01,2023,11,South,USA,London,London,Home Office,Clothing,Chairs,43261,6,552,0.01,Express,Cash,1,12118,23990,27.986260902397984,78.3416584733572
1306,2023-11-02,2023,11,North,UK,Tamil Nadu,Los Angeles,Home Office,Clothing,Shirts,46123,8,-73,0.36,Standard,UPI,4,8946,39073,17.902612791644827,75.58052218025145
1307,2023-11-03,2023,11,West,UK,Tamil Nadu,Chennai,Home Office,Electronics,Chairs,28716,7,6164,0.35,Express,UPI,1,22146,56863,14.252683192048298,95.45135861057182
1308,2023-11-04,2023,11,South,USA,Tamil Nadu,Los Angeles,Home Office,Clothing,Phones,4236,2,-610,0.31,Express,UPI,5,4323,34549,31.59759785196193,89.06280151069572
1309,2023-11-05,2023,11,West,UK,London,Chennai,Corporate,Electronics,Phones,16848,3,14071,0.5,Express,Card,2,16599,38259,14.29599365462682,74.37078186789897
1310,2023-11-06,2023,11,South,India,Tamil Nadu,Chennai,Home Office,Furniture,Shirts,3352,1,10641,0.16,Express,UPI,3,18760,39790,23.71878502032501,81.0234183876073
1311,2023-11-07,2023,11,West,India,California,Los Angeles,Corporate,Furniture,Phones,2932,9,1160,0.17,Express,Card,2,27833,29979,36.078056385024254,91.09710131659648
1312,2023-11-08,2023,11,East,USA,London,London,Home Office,Furniture,Shirts,11913,7,10810,0.04,Express,UPI,5,27700,40316,12.28772069800913,83.86482673663483
1313,2023-11-09,2023,11,West,USA,London,Los Angeles,Corporate,Furniture,Phones,9556,1,126,0.22,Standard,Card,1,23038,46183,35.28541175734656,86.84861084681079
1314,2023-11-10,2023,11,East,USA,London,Chennai,Consumer,Clothing,Chairs,22300,3,-4184,0.13,Express,UPI,2,8287,48324,13.30389853899139,89.85927785930652
1315,2023-11-11,2023,11,East,India,London,Chennai,Corporate,Electronics,Chairs,6498,4,8414,0.17,Express,UPI,5,29197,44624,24.45585303267366,86.03826647546043
1316,2023-11-12,2023,11,West,UK,California,Los Angeles,Corporate,Electronics,Chairs,11582,4,-4808,0.42,Same Day,Cash,4,11696,58176,18.933223646803594,83.66230033574368
1317,2023-11-13,2023,11,East,India,London,London,Home Office,Electronics,Chairs,47633,5,13160,0.47,Standard,UPI,3,21400,40245,35.98292944355295,89.73881424724543
1318,2023-11-14,2023,11,North,UK,London,London,Corporate,Furniture,Shirts,10569,3,-1355,0.09,Standard,UPI,2,20618,43790,15.932718841056172,89.09932802753382
1319,2023-11-15,2023,11,East,India,Tamil Nadu,Chennai,Consumer,Furniture,Phones,5857,3,7816,0.19,Standard,Cash,1,26320,46756,19.590082060486857,86.26629960531218
1320,2023-11-16,2023,11,South,UK,London,Chennai,Consumer,Electronics,Shirts,1340,1,1314,0.46,Standard,Card,4,22856,22833,36.502943417807195,78.43389298807595
1321,2023-11-17,2023,11,West,India,California,London,Home Office,Furniture,Chairs,44949,7,13172,0.03,Express,Cash,5,23523,25285,23.557641344465722,79.76855067380788
1322,2023-11-18,2023,11,North,USA,California,Los Angeles,Consumer,Electronics,Shirts,17766,1,2374,0.05,Express,Cash,3,22240,29589,22.57627335301635,96.14271791763883
1323,2023-11-19,2023,11,West,India,California,Chennai,Corporate,Electronics,Phones,27132,2,-1300,0.08,Same Day,Card,1,6880,34116,15.475576157915746,71.25919203645425
1324,2023-11-20,2023,11,South,UK,California,Chennai,Consumer,Electronics,Shirts,9491,4,5655,0.3,Same Day,UPI,5,17892,27645,28.3395432490028,75.78664260033223
1325,2023-11-21,2023,11,South,India,London,London,Home Office,Electronics,Phones,1138,4,10129,0.08,Standard,Card,5,21198,49150,8.416815601555552,82.27965101692574
1326,2023-11-22,2023,11,South,India,London,Los Angeles,Corporate,Electronics,Shirts,1358,5,4359,0.48,Same Day,UPI,2,10202,30889,9.435866261366513,92.2651608981698
1327,2023-11-23,2023,11,East,India,California,London,Home Office,Electronics,Phones,10714,2,-1107,0.22,Same Day,UPI,2,27035,50286,25.38139902693828,72.74659424816211
1328,2023-11-24,2023,11,East,USA,California,Los Angeles,Corporate,Electronics,Phones,20840,4,1811,0.25,Standard,Card,1,19392,57545,17.90856264073517,76.03168392561369
1329,2023-11-25,2023,11,West,India,London,Los Angeles,Consumer,Furniture,Chairs,35395,1,4288,0.12,Standard,Cash,5,21642,35994,35.64617479382785,69.90814831606193
1330,2023-11-26,2023,11,West,USA,California,Los Angeles,Home Office,Electronics,Phones,31654,2,14063,0.24,Same Day,Card,2,3182,55503,34.19253003096078,88.47357271547374
1331,2023-11-27,2023,11,North,USA,Tamil Nadu,Chennai,Home Office,Electronics,Chairs,26879,1,-4496,0.33,Express,UPI,3,24195,44662,28.69748150162451,74.90807362879286
1332,2023-11-28,2023,11,North,India,California,London,Corporate,Furniture,Chairs,16996,4,4813,0.38,Same Day,Card,3,1489,59136,31.72622185270624,79.27156776945756
1333,2023-11-29,2023,11,West,India,California,London,Home Office,Furniture,Chairs,38772,4,9671,0.38,Same Day,Card,5,12976,46639,27.352623640363106,80.86734196386037
1334,2023-11-30,2023,11,East,India,Tamil Nadu,Los Angeles,Corporate,Furniture,Shirts,27762,7,5738,0.29,Express,UPI,2,8946,37205,11.64188097859466,93.84810413258721
1335,2023-12-01,2023,12,South,UK,Tamil Nadu,Chennai,Corporate,Electronics,Shirts,14283,9,6186,0.45,Express,Cash,1,29239,52930,30.20075772098688,79.92857841960587
1336,2023-12-02,2023,12,West,India,London,Chennai,Corporate,Clothing,Shirts,40420,9,1773,0.41,Standard,Card,1,5211,27777,14.095567092846544,72.21152557754222
1337,2023-12-03,2023,12,North,USA,London,London,Corporate,Clothing,Shirts,20554,5,-1184,0.38,Standard,UPI,1,6979,48315,17.379842797905706,83.20513321186351
1338,2023-12-04,2023,12,East,India,Tamil Nadu,Chennai,Consumer,Furniture,Phones,21219,1,-4283,0.03,Same Day,UPI,3,23848,46973,31.757792150970186,95.92578184481026
1339,2023-12-05,2023,12,West,UK,Tamil Nadu,Chennai,Corporate,Clothing,Phones,35919,1,6676,0.0,Express,Card,2,13661,38316,23.55924264341,85.62288359047352
1340,2023-12-06,2023,12,West,India,London,Los Angeles,Home Office,Furniture,Shirts,10429,6,-566,0.11,Standard,Cash,2,15135,47304,32.93828071131887,96.5182293933566
1341,2023-12-07,2023,12,East,UK,California,Chennai,Consumer,Electronics,Phones,47840,2,12042,0.33,Same Day,Card,3,8575,56303,14.17802427545466,92.39211195922724
1342,2023-12-08,2023,12,West,UK,Tamil Nadu,Los Angeles,Home Office,Clothing,Phones,45695,8,57,0.21,Express,Cash,1,21336,50522,25.62557471959973,69.04300693018897
1343,2023-12-09,2023,12,East,India,London,London,Consumer,Electronics,Chairs,40673,9,-6,0.2,Same Day,Cash,1,25331,42340,10.429938203899587,87.09358826593422
1344,2023-12-10,2023,12,South,USA,California,Chennai,Corporate,Clothing,Chairs,20218,4,-766,0.44,Standard,Cash,5,1507,39830,26.64876881266086,76.31623944917862
1345,2023-12-11,2023,12,East,UK,Tamil Nadu,London,Consumer,Electronics,Chairs,13452,5,-1236,0.45,Standard,Cash,4,23380,33403,30.11348709549051,84.22888881369698
1346,2023-12-12,2023,12,East,India,California,London,Consumer,Clothing,Chairs,49980,8,6181,0.45,Express,Card,2,26831,34516,24.962995925382927,76.10101053700558
1347,2023-12-13,2023,12,East,India,London,Chennai,Home Office,Electronics,Phones,19951,3,-363,0.16,Same Day,UPI,2,8188,39091,15.720713543465497,78.11724208155343
1348,2023-12-14,2023,12,West,USA,Tamil Nadu,Chennai,Home Office,Electronics,Shirts,2307,5,-2896,0.35,Express,UPI,2,11263,27959,8.908937396907135,94.7718926408712
1349,2023-12-15,2023,12,West,UK,California,London,Corporate,Clothing,Phones,15852,3,4447,0.14,Standard,UPI,4,4408,51932,11.464017634964287,73.99265236185946
1350,2023-12-16,2023,12,East,UK,Tamil Nadu,Chennai,Consumer,Electronics,Phones,26232,3,5674,0.1,Standard,UPI,5,28073,50554,26.04678639314676,93.34916442274908
1351,2023-12-17,2023,12,West,India,California,Los Angeles,Consumer,Electronics,Phones,36428,3,13991,0.09,Same Day,UPI,4,19687,56701,35.0981862884329,68.8832764340444
1352,2023-12-18,2023,12,North,India,London,Los Angeles,Consumer,Electronics,Chairs,44171,7,3385,0.17,Same Day,UPI,1,12457,23385,13.989497715188186,70.6354196127198
1353,2023-12-19,2023,12,North,USA,London,Chennai,Corporate,Clothing,Chairs,27485,7,6999,0.21,Same Day,Card,1,4879,53690,29.315758324047863,92.78557620014364
1354,2023-12-20,2023,12,West,USA,Tamil Nadu,London,Corporate,Clothing,Chairs,11238,7,-1281,0.42,Express,Cash,2,28459,30367,33.127080834222205,86.28612489636666
1355,2023-12-21,2023,12,West,UK,California,Chennai,Corporate,Electronics,Shirts,39975,8,-2419,0.06,Same Day,UPI,3,16982,53332,23.10558317497782,89.66984800314695
1356,2023-12-22,2023,12,East,UK,Tamil Nadu,Chennai,Corporate,Electronics,Phones,2140,5,13949,0.37,Same Day,Card,2,25272,39642,27.408708079466074,74.07311245383377
1357,2023-12-23,2023,12,South,India,Tamil Nadu,London,Corporate,Clothing,Shirts,25842,5,-2237,0.27,Standard,UPI,3,27605,30789,31.635444183608296,83.575420212113
1358,2023-12-24,2023,12,West,UK,California,London,Home Office,Clothing,Chairs,27421,4,991,0.14,Standard,UPI,4,1377,55268,15.559579574477214,89.37935748356784
1359,2023-12-25,2023,12,North,USA,California,Los Angeles,Consumer,Electronics,Shirts,2708,7,5531,0.25,Same Day,Cash,1,16085,40950,16.60997455377325,86.19210997329762
1360,2023-12-26,2023,12,East,USA,California,London,Consumer,Electronics,Phones,4630,4,14790,0.15,Same Day,Cash,3,18752,45563,8.018197982225228,81.67926423984508
1361,2023-12-27,2023,12,West,India,London,Los Angeles,Consumer,Electronics,Phones,20595,2,6064,0.3,Standard,Cash,4,19549,59649,35.92972979603627,95.83372980669373
1362,2023-12-28,2023,12,North,USA,Tamil Nadu,London,Consumer,Furniture,Chairs,11485,4,6312,0.22,Same Day,UPI,1,18272,56404,34.608801943294,87.60856267014992
1363,2023-12-29,2023,12,North,USA,Tamil Nadu,Chennai,Consumer,Clothing,Chairs,29308,8,-220,0.08,Express,UPI,3,19299,52991,30.17247964902348,94.3247732069959
1364,2023-12-30,2023,12,South,USA,London,Los Angeles,Consumer,Furniture,Shirts,45789,9,-823,0.06,Express,UPI,2,25645,59065,10.293204608322796,89.16334483563676
1365,2023-12-31,2023,12,East,USA,California,Los Angeles,Consumer,Clothing,Chairs,27086,3,10169,0.27,Express,Cash,2,3137,20350,20.977583801285736,89.32844232933282
1366,2024-01-01,2023,1,East,India,London,Los Angeles,Consumer,Clothing,Chairs,17859,7,1476,0.45,Same Day,Card,2,7742,38312,10.954860865175032,70.3205298229727
1367,2024-01-02,2023,1,South,India,London,Chennai,Home Office,Clothing,Phones,8684,9,13988,0.17,Standard,UPI,4,9757,44127,8.46168775062116,78.42447403376437
1368,2024-01-03,2023,1,South,UK,London,Chennai,Consumer,Clothing,Chairs,26552,4,-2618,0.37,Same Day,UPI,2,9113,48853,25.869305991165323,92.89271279487009
1369,2024-01-04,2023,1,East,USA,Tamil Nadu,Chennai,Home Office,Clothing,Chairs,2207,3,11915,0.33,Same Day,UPI,5,3383,57500,35.86405309532546,74.74551200231392
1370,2024-01-05,2023,1,East,UK,London,Chennai,Corporate,Clothing,Phones,47099,5,7508,0.47,Standard,Card,1,1704,53785,34.183172679532355,71.34967011853752
1371,2024-01-06,2023,1,West,India,Tamil Nadu,Chennai,Consumer,Clothing,Phones,2960,1,-4366,0.41,Standard,UPI,4,17428,38610,28.205889633126727,77.45707564252501
1372,2024-01-07,2023,1,West,India,Tamil Nadu,Los Angeles,Corporate,Furniture,Shirts,1557,3,6996,0.28,Standard,Card,2,29242,43590,10.802576940781272,74.3926986618858
1373,2024-01-08,2023,1,South,India,Tamil Nadu,Chennai,Corporate,Electronics,Chairs,30689,8,9162,0.33,Express,UPI,1,12331,49443,15.950757092496705,94.8333576490015
1374,2024-01-09,2023,1,West,India,California,Los Angeles,Corporate,Electronics,Phones,49651,8,11386,0.45,Same Day,Card,3,15964,27170,17.28164507967344,93.1710326180618
1375,2024-01-10,2023,1,North,India,Tamil Nadu,Chennai,Home Office,Furniture,Shirts,14893,4,9005,0.2,Standard,UPI,2,18107,33303,30.131351674621275,82.49081367820422
1376,2024-01-11,2023,1,West,India,Tamil Nadu,London,Corporate,Furniture,Shirts,33272,2,3397,0.16,Same Day,Cash,1,20056,26207,31.265226197818308,69.77897236003217
1377,2024-01-12,2023,1,West,India,California,Los Angeles,Corporate,Furniture,Chairs,1882,8,7327,0.01,Express,Cash,5,25843,32316,19.168077566707694,88.72230803670153
1378,2024-01-13,2023,1,North,USA,Tamil Nadu,London,Corporate,Furniture,Chairs,38529,8,9394,0.41,Express,Cash,3,23334,55187,20.11863590191068,86.07894020875167
1379,2024-01-14,2023,1,South,UK,London,Los Angeles,Consumer,Clothing,Shirts,39635,4,-2110,0.4,Standard,Cash,5,28733,26240,9.290762139008969,96.14608545112638
1380,2024-01-15,2023,1,North,India,London,London,Consumer,Electronics,Phones,30535,3,5858,0.05,Standard,UPI,1,14494,21893,16.384964834144068,84.20964396784093
1381,2024-01-16,2023,1,West,USA,Tamil Nadu,Chennai,Home Office,Clothing,Shirts,13869,2,3026,0.29,Same Day,Cash,5,7020,33753,21.08727013815156,77.75541797868438
1382,2024-01-17,2023,1,South,USA,California,Chennai,Home Office,Electronics,Chairs,8166,9,-1694,0.23,Standard,Card,1,1154,58090,11.39250834517247,83.05162911377812
1383,2024-01-18,2023,1,West,UK,London,Chennai,Consumer,Electronics,Phones,13982,1,-4103,0.06,Same Day,Cash,1,23705,31232,21.144756361895617,96.39863545073098
1384,2024-01-19,2023,1,North,India,California,Los Angeles,Home Office,Furniture,Phones,41697,7,4277,0.49,Standard,Cash,5,19330,37509,32.74209855547621,88.19451054345788
1385,2024-01-20,2023,1,North,UK,California,London,Consumer,Clothing,Shirts,39115,5,4471,0.11,Same Day,Cash,1,22776,23117,24.858309572026545,87.48730799988448
1386,2024-01-21,2023,1,West,India,London,Chennai,Corporate,Furniture,Chairs,8269,8,9896,0.03,Same Day,UPI,2,8912,56929,10.288965796113956,74.97976610205068
1387,2024-01-22,2023,1,East,USA,California,London,Corporate,Clothing,Shirts,29064,4,10240,0.3,Same Day,Cash,1,4166,24042,13.558468246077956,89.56447300925791
1388,2024-01-23,2023,1,East,USA,London,London,Home Office,Electronics,Shirts,14527,7,9683,0.37,Same Day,Card,4,4777,57201,21.76178615459813,89.75788305468137
1389,2024-01-24,2023,1,North,USA,California,Chennai,Consumer,Furniture,Shirts,3454,5,-4330,0.02,Express,Cash,1,21286,46746,18.48312734483255,77.20138052950125
1390,2024-01-25,2023,1,North,USA,London,Chennai,Consumer,Furniture,Phones,21878,5,12889,0.33,Same Day,Cash,4,19453,34016,18.403083566836862,82.02770113933069
1391,2024-01-26,2023,1,East,UK,Tamil Nadu,London,Home Office,Electronics,Phones,13991,9,6767,0.27,Standard,Cash,1,6015,45022,23.348755996164115,76.54349665527323
1392,2024-01-27,2023,1,East,India,London,Chennai,Consumer,Electronics,Chairs,3808,9,8006,0.05,Express,Card,1,9705,55426,24.947481726094264,75.50244703940432
1393,2024-01-28,2023,1,West,India,London,Chennai,Corporate,Electronics,Chairs,40410,9,10768,0.09,Express,Cash,5,27127,47938,31.10898553800954,68.75098603723507
1394,2024-01-29,2023,1,West,UK,London,Chennai,Home Office,Furniture,Shirts,37593,6,11633,0.28,Same Day,Card,2,15698,55712,17.888030340412055,76.27114059494663
1395,2024-01-30,2023,1,East,India,London,Los Angeles,Home Office,Clothing,Shirts,37304,6,-3108,0.15,Express,Card,2,4485,59978,31.358522208177018,84.06512854646996
1396,2024-01-31,2023,1,West,USA,California,London,Consumer,Furniture,Shirts,31386,5,-1561,0.47,Same Day,Cash,3,13635,28787,17.81972564426634,68.04643443892184
1397,2024-02-01,2023,2,West,India,Tamil Nadu,London,Home Office,Clothing,Chairs,49077,9,-2146,0.41,Standard,Card,5,8667,21986,9.607556679295781,76.21335343048035
1398,2024-02-02,2023,2,South,USA,London,Los Angeles,Consumer,Furniture,Phones,4802,8,6577,0.49,Same Day,UPI,5,29975,30942,24.071441879138945,93.56089963737425
1399,2024-02-03,2023,2,West,UK,California,London,Consumer,Furniture,Phones,29753,7,6763,0.13,Express,Cash,2,7948,37458,25.049167421949623,85.21580896811346
1400,2024-02-04,2023,2,North,India,Tamil Nadu,Chennai,Consumer,Electronics,Shirts,22083,7,6618,0.48,Standard,Cash,5,21194,32161,35.10166712303395,85.62802189834844
1401,2024-02-05,2023,2,West,UK,Tamil Nadu,London,Consumer,Clothing,Shirts,19354,6,3235,0.22,Same Day,Card,2,19903,40689,29.055778455811758,79.69756484576425
1402,2024-02-06,2023,2,West,India,Tamil Nadu,Chennai,Consumer,Furniture,Shirts,23190,5,14996,0.17,Standard,Card,5,4181,49163,34.61540692233875,87.61769216127992
1403,2024-02-07,2023,2,East,USA,Tamil Nadu,Los Angeles,Home Office,Furniture,Shirts,7142,4,-2382,0.03,Standard,Cash,1,26519,55775,34.34206909704728,73.50805022068042
1404,2024-02-08,2023,2,North,UK,London,Chennai,Corporate,Electronics,Chairs,29398,3,-1837,0.03,Express,UPI,2,21080,53737,25.53264919748902,91.74365750114156
1405,2024-02-09,2023,2,West,India,London,London,Corporate,Electronics,Phones,42862,3,-2058,0.35,Standard,Card,2,28086,28772,23.305099894756978,71.38398447814109
1406,2024-02-10,2023,2,West,USA,California,London,Home Office,Clothing,Shirts,34132,6,-3075,0.23,Express,Card,4,17456,55592,24.165788047744396,87.02403928494017
1407,2024-02-11,2023,2,South,UK,California,London,Home Office,Furniture,Chairs,20503,4,-2028,0.11,Standard,UPI,5,10024,21211,36.37159342264019,77.89333044877081
1408,2024-02-12,2023,2,West,UK,California,Los Angeles,Corporate,Clothing,Shirts,49456,6,6705,0.31,Same Day,UPI,5,5253,20229,30.421863060661806,89.67787614689183
1409,2024-02-13,2023,2,West,India,Tamil Nadu,Los Angeles,Corporate,Furniture,Shirts,35631,3,5640,0.13,Standard,Cash,2,7582,34345,11.08171123897948,83.94317198671457
1410,2024-02-14,2023,2,South,India,Tamil Nadu,London,Corporate,Clothing,Phones,17499,4,5966,0.29,Same Day,UPI,1,4502,55953,30.574423796660597,81.11823811588278
1411,2024-02-15,2023,2,East,India,London,Chennai,Corporate,Electronics,Shirts,40852,9,12374,0.18,Same Day,Cash,1,6129,51819,12.94560341804855,72.91324966070417
1412,2024-02-16,2023,2,West,USA,Tamil Nadu,Los Angeles,Corporate,Furniture,Phones,9016,5,6138,0.41,Standard,UPI,1,28210,36885,20.973165921163144,86.46782246424624
1413,2024-02-17,2023,2,South,India,Tamil Nadu,London,Consumer,Clothing,Phones,3384,7,13196,0.41,Same Day,Card,5,12778,46708,14.103330493119493,96.26832545919197
1414,2024-02-18,2023,2,North,UK,Tamil Nadu,London,Home Office,Electronics,Phones,16072,2,10935,0.24,Standard,Cash,4,8917,20048,27.997908900463663,91.94249932230343
1415,2024-02-19,2023,2,East,UK,California,Los Angeles,Consumer,Electronics,Chairs,37703,5,8145,0.18,Standard,Cash,2,21084,39950,33.441982349598035,69.74023758508135
1416,2024-02-20,2023,2,North,India,California,Los Angeles,Corporate,Clothing,Chairs,46895,9,-4511,0.18,Same Day,Cash,3,2497,35173,16.420494675633748,78.91065197247454
1417,2024-02-21,2023,2,North,India,London,Los Angeles,Corporate,Furniture,Phones,15482,3,6748,0.4,Same Day,UPI,4,9463,53737,10.37831149503744,94.84190726651788
1418,2024-02-22,2023,2,South,UK,Tamil Nadu,Chennai,Corporate,Furniture,Shirts,41510,9,14275,0.16,Express,Card,3,16284,48036,16.656299844173937,82.58826867915363
1419,2024-02-23,2023,2,West,USA,Tamil Nadu,Chennai,Consumer,Electronics,Phones,49933,6,-1484,0.1,Same Day,Cash,4,24306,25820,27.49849388003364,87.2012429484372
1420,2024-02-24,2023,2,South,India,London,London,Consumer,Furniture,Shirts,22826,4,14724,0.04,Express,Cash,1,5024,34292,17.53404369907905,94.46538102215032
1421,2024-02-25,2023,2,South,India,Tamil Nadu,Los Angeles,Corporate,Furniture,Phones,3490,7,1410,0.23,Same Day,Cash,5,25509,23052,16.0652528590603,93.34004602217654
1422,2024-02-26,2023,2,South,UK,Tamil Nadu,Chennai,Consumer,Furniture,Shirts,47092,8,-4947,0.24,Standard,Cash,3,28175,43781,13.348620526943684,82.55279089067481
1423,2024-02-27,2023,2,South,India,California,Los Angeles,Consumer,Electronics,Chairs,26518,6,13959,0.42,Same Day,Card,4,27805,22302,22.427976379358572,80.69174277707046
1424,2024-02-28,2023,2,East,USA,London,London,Corporate,Clothing,Shirts,25045,5,11999,0.11,Standard,UPI,5,3907,22283,16.002516016558438,77.85108593590803
1425,2024-02-29,2023,2,West,UK,London,Chennai,Consumer,Furniture,Phones,27910,6,944,0.19,Standard,Card,3,7231,35620,29.19930012504501,88.85156385172384
1426,2024-03-01,2023,3,North,India,London,Chennai,Home Office,Electronics,Chairs,25566,5,2404,0.4,Standard,Cash,2,8295,50461,10.222049657773878,76.32261718467475
1427,2024-03-02,2023,3,North,UK,London,Chennai,Home Office,Electronics,Shirts,34905,8,-4046,0.41,Express,Card,4,11832,40750,27.25695796022821,75.2467405864961
1428,2024-03-03,2023,3,West,India,California,London,Home Office,Clothing,Shirts,28103,1,5625,0.19,Same Day,Cash,2,25941,52890,14.889240422465326,78.33124694350963
1429,2024-03-04,2023,3,North,India,California,Los Angeles,Home Office,Furniture,Shirts,37188,7,-3371,0.23,Standard,UPI,1,19677,43183,22.18909857049649,73.13923664948497
1430,2024-03-05,2023,3,West,India,Tamil Nadu,Chennai,Corporate,Furniture,Shirts,6845,2,5973,0.15,Standard,UPI,2,24218,29472,16.29660773890656,88.15847466242725
1431,2024-03-06,2023,3,North,USA,Tamil Nadu,London,Corporate,Clothing,Shirts,22162,9,1859,0.47,Express,UPI,2,3411,23727,28.960291604313074,85.87097883058776
1432,2024-03-07,2023,3,South,USA,Tamil Nadu,Los Angeles,Corporate,Clothing,Chairs,37674,1,3841,0.06,Same Day,Cash,4,24836,45523,35.41390416729746,82.00347748935947
1433,2024-03-08,2023,3,North,UK,Tamil Nadu,London,Home Office,Electronics,Chairs,20337,6,5539,0.47,Same Day,Card,1,19299,50766,34.595226604624585,79.31944759858509
1434,2024-03-09,2023,3,West,India,California,Los Angeles,Home Office,Electronics,Chairs,23313,9,7682,0.34,Express,UPI,2,17134,57726,24.91936023917864,94.36281374400521
1435,2024-03-10,2023,3,West,India,London,London,Consumer,Clothing,Chairs,27943,1,-1722,0.27,Express,Cash,5,15694,20524,21.415698794452375,68.84458976468406
1436,2024-03-11,2023,3,West,USA,California,Los Angeles,Consumer,Furniture,Phones,13413,4,13945,0.02,Same Day,Cash,3,5451,29079,31.730714773742072,90.30412456171167
1437,2024-03-12,2023,3,West,India,Tamil Nadu,Chennai,Home Office,Electronics,Chairs,1276,4,1539,0.24,Express,Card,2,8598,28399,27.816464516204167,94.15537758071777
1438,2024-03-13,2023,3,West,USA,California,Los Angeles,Home Office,Electronics,Shirts,18611,9,11754,0.2,Same Day,UPI,1,28833,47370,13.323359312291053,80.94428280346786
1439,2024-03-14,2023,3,East,India,London,London,Home Office,Furniture,Shirts,40105,5,-4143,0.08,Same Day,Cash,2,22173,36532,31.806657194777006,83.97002425264876
1440,2024-03-15,2023,3,East,UK,London,London,Home Office,Electronics,Chairs,12944,5,-114,0.33,Standard,Card,3,16617,36821,20.437647292446595,95.38944694857909
1441,2024-03-16,2023,3,North,India,California,Los Angeles,Consumer,Furniture,Shirts,16906,6,7945,0.49,Standard,UPI,1,8602,23749,13.480584139164078,74.15604794327992
1442,2024-03-17,2023,3,West,India,California,Chennai,Home Office,Furniture,Chairs,21536,1,2485,0.28,Same Day,Card,4,24141,31353,16.17212316149828,83.08391058575586
1443,2024-03-18,2023,3,North,USA,California,Chennai,Consumer,Furniture,Shirts,28810,1,8680,0.36,Same Day,Card,1,29732,48477,15.758283877201928,81.76691268671817
1444,2024-03-19,2023,3,West,India,Tamil Nadu,Los Angeles,Home Office,Clothing,Phones,13306,9,11767,0.03,Same Day,Cash,4,6065,44570,23.057002263500344,75.49338678824073
1445,2024-03-20,2023,3,West,India,California,Los Angeles,Home Office,Clothing,Phones,11503,3,9397,0.21,Same Day,Cash,1,23321,40837,14.79673262965839,91.73920368082013
1446,2024-03-21,2023,3,East,USA,California,London,Home Office,Clothing,Chairs,20225,4,5744,0.06,Same Day,Cash,3,25994,31437,11.58342813464571,94.08841724813384
1447,2024-03-22,2023,3,East,UK,California,Chennai,Consumer,Furniture,Chairs,37976,1,-666,0.31,Same Day,Card,3,1673,58104,11.587034667799061,90.67604481385806
1448,2024-03-23,2023,3,South,UK,London,Los Angeles,Consumer,Furniture,Chairs,12590,9,14109,0.47,Express,Cash,1,28279,24551,24.9150097170338,73.66540986460964
1449,2024-03-24,2023,3,East,USA,London,Chennai,Corporate,Clothing,Shirts,11886,8,7226,0.33,Same Day,Card,2,9124,22823,29.30801937663198,70.51571042954006
1450,2024-03-25,2023,3,South,USA,Tamil Nadu,Los Angeles,Home Office,Electronics,Chairs,13866,2,8440,0.04,Express,Card,3,14894,32916,17.32445725631188,85.55789007385494
1451,2024-03-26,2023,3,South,USA,Tamil Nadu,Los Angeles,Corporate,Furniture,Phones,2088,8,10020,0.18,Express,Cash,4,13756,35167,9.004870584606495,69.65574805478663
1452,2024-03-27,2023,3,South,USA,London,Chennai,Corporate,Electronics,Shirts,4363,7,-749,0.28,Same Day,UPI,4,1335,28391,11.68952172117331,87.51195076818445
1453,2024-03-28,2023,3,South,USA,London,Los Angeles,Consumer,Electronics,Chairs,33792,6,7180,0.2,Same Day,UPI,5,27322,32658,34.52614224977465,83.38230238949004
1454,2024-03-29,2023,3,South,UK,London,Los Angeles,Consumer,Furniture,Shirts,10764,1,11140,0.42,Express,UPI,4,19146,49685,22.31276612809414,87.22078624956625
1455,2024-03-30,2023,3,North,UK,California,London,Corporate,Furniture,Shirts,21620,7,-4078,0.41,Express,Card,5,25973,43380,21.15361147884007,85.11495243584258
1456,2024-03-31,2023,3,East,USA,California,Los Angeles,Home Office,Electronics,Chairs,43727,7,14299,0.31,Same Day,Card,1,12324,48919,9.103426170992636,80.25837451628801
1457,2024-04-01,2023,4,South,India,London,Los Angeles,Consumer,Electronics,Shirts,13935,9,2957,0.19,Same Day,Card,1,5067,22311,29.130473647190072,73.82543822406662
1458,2024-04-02,2023,4,West,USA,California,Los Angeles,Home Office,Clothing,Phones,9068,1,14430,0.13,Express,Cash,1,4315,59993,23.31397434703029,76.86536193850417
1459,2024-04-03,2023,4,East,India,California,London,Home Office,Clothing,Phones,8295,2,10796,0.05,Express,Card,2,17130,33560,13.860347146509103,83.21051665235032
1460,2024-04-04,2023,4,East,USA,Tamil Nadu,Chennai,Corporate,Furniture,Shirts,42160,9,-3770,0.18,Express,Cash,2,2929,58553,11.19213904525066,86.90417471578057
1461,2024-04-05,2023,4,South,USA,London,London,Corporate,Clothing,Chairs,12390,9,5627,0.21,Standard,Cash,5,9682,45993,19.118248045327956,90.60500748965133
1462,2024-04-06,2023,4,North,UK,London,London,Corporate,Clothing,Shirts,42216,6,5006,0.34,Express,UPI,4,28386,50492,32.27769696165574,90.24795083502276
1463,2024-04-07,2023,4,South,India,California,Chennai,Corporate,Clothing,Phones,21131,6,-67,0.33,Standard,UPI,4,9618,40981,33.09354221682971,96.20797355457148
1464,2024-04-08,2023,4,North,India,London,London,Consumer,Clothing,Shirts,30218,4,9295,0.04,Same Day,UPI,1,12130,44143,25.482545031473457,76.28940201123888
1465,2024-04-09,2023,4,West,UK,Tamil Nadu,Chennai,Consumer,Electronics,Shirts,11433,4,11377,0.2,Same Day,Cash,3,22171,32067,29.098556389674137,70.06221053818966
1466,2024-04-10,2023,4,East,UK,Tamil Nadu,London,Corporate,Furniture,Phones,16038,5,-4797,0.09,Express,Cash,2,3107,43916,11.33951783468324,78.02405113071391
1467,2024-04-11,2023,4,West,UK,Tamil Nadu,Chennai,Consumer,Clothing,Shirts,29182,3,11544,0.08,Same Day,Cash,2,26150,23815,25.05565589856779,89.55553978149823
1468,2024-04-12,2023,4,North,UK,London,Los Angeles,Corporate,Electronics,Shirts,12528,1,10899,0.41,Same Day,Card,1,6430,51836,27.342005401128272,80.70523787996557
1469,2024-04-13,2023,4,North,India,London,London,Home Office,Electronics,Chairs,22281,1,-1252,0.02,Same Day,Cash,2,4522,57477,13.820672444499973,91.71586448709317
1470,2024-04-14,2023,4,West,India,London,London,Home Office,Electronics,Chairs,49511,7,1718,0.21,Same Day,UPI,1,12491,57275,33.52448725439751,83.93046459039444
1471,2024-04-15,2023,4,North,USA,London,London,Home Office,Clothing,Phones,9605,1,13965,0.08,Standard,UPI,5,21668,59343,13.654905388109572,94.96395995628458
1472,2024-04-16,2023,4,West,USA,London,London,Corporate,Clothing,Phones,35782,1,-3907,0.44,Standard,Cash,4,7117,24773,17.090843435547065,95.488039817973
1473,2024-04-17,2023,4,East,UK,Tamil Nadu,Los Angeles,Home Office,Furniture,Phones,2381,3,10228,0.28,Express,Cash,3,3651,32446,25.9961485636803,70.00983067454371
1474,2024-04-18,2023,4,West,UK,California,London,Consumer,Clothing,Chairs,2098,4,11034,0.12,Express,UPI,4,28514,50733,26.51215188879119,81.2359897516603
1475,2024-04-19,2023,4,East,UK,Tamil Nadu,Los Angeles,Home Office,Clothing,Phones,20810,4,710,0.25,Express,Cash,4,6080,30464,28.28215748863365,85.68098277623747
1476,2024-04-20,2023,4,West,USA,London,Los Angeles,Home Office,Electronics,Phones,25322,2,4732,0.37,Same Day,UPI,5,7554,41576,11.248339678977965,75.42030368355417
1477,2024-04-21,2023,4,North,USA,Tamil Nadu,Los Angeles,Home Office,Furniture,Phones,42869,1,14259,0.48,Same Day,Card,2,24590,23320,32.6344684679281,79.80522660199043
1478,2024-04-22,2023,4,West,USA,London,Los Angeles,Consumer,Clothing,Chairs,33955,3,-1809,0.11,Standard,UPI,3,8119,30750,23.452566836214537,87.65276469241326
1479,2024-04-23,2023,4,North,USA,London,Chennai,Corporate,Clothing,Shirts,45716,4,13221,0.44,Standard,Card,2,16323,57466,21.668332029046983,74.57529258005248
1480,2024-04-24,2023,4,West,USA,Tamil Nadu,Chennai,Consumer,Electronics,Phones,11207,3,-4311,0.47,Express,Cash,4,13747,46572,36.451831110891774,85.45745923625913
1481,2024-04-25,2023,4,West,USA,London,London,Corporate,Electronics,Shirts,22793,8,-2897,0.46,Standard,Cash,1,5073,37948,29.470970611289573,88.22598701676488
1482,2024-04-26,2023,4,South,USA,California,Chennai,Corporate,Clothing,Phones,3092,1,-4635,0.32,Standard,Card,4,15839,58826,11.42217477196187,70.62439302178014
1483,2024-04-27,2023,4,North,UK,London,Chennai,Home Office,Furniture,Shirts,29220,2,9010,0.31,Standard,Cash,2,3991,43515,29.93963584956098,82.42835016479613
1484,2024-04-28,2023,4,South,UK,California,London,Corporate,Furniture,Chairs,19514,7,6767,0.2,Standard,Card,4,1206,47867,10.762219085213214,75.62932086780154
1485,2024-04-29,2023,4,North,UK,California,London,Consumer,Electronics,Chairs,39010,4,11103,0.38,Standard,Cash,1,16228,20726,8.796646312876561,89.00720432394328
1486,2024-04-30,2023,4,South,UK,London,London,Consumer,Electronics,Phones,9549,8,7742,0.27,Express,UPI,5,7497,45820,19.705150962827016,73.49710974757127
1487,2024-05-01,2023,5,East,USA,Tamil Nadu,Chennai,Corporate,Clothing,Shirts,23031,3,7391,0.34,Express,Cash,2,5733,26697,36.81376701175734,93.87489955060508
1488,2024-05-02,2023,5,West,India,California,Chennai,Home Office,Electronics,Chairs,6185,6,-828,0.21,Standard,UPI,4,28140,32963,13.071634149651016,80.49729875903148
1489,2024-05-03,2023,5,North,USA,Tamil Nadu,London,Home Office,Clothing,Phones,16271,9,10623,0.37,Express,UPI,2,25829,21081,27.50668596227691,73.74208787891905
1490,2024-05-04,2023,5,North,India,California,Los Angeles,Consumer,Furniture,Phones,6776,1,-2622,0.41,Same Day,Card,5,6255,40269,13.028485919977461,80.70263209415955
1491,2024-05-05,2023,5,West,UK,London,London,Home Office,Furniture,Chairs,13449,1,12589,0.07,Standard,Cash,4,23844,30776,29.018822273793194,79.85356912144731
1492,2024-05-06,2023,5,North,USA,London,Los Angeles,Corporate,Clothing,Chairs,25297,8,7031,0.42,Same Day,Card,4,25663,51816,22.655256378896958,80.4386498253176
1493,2024-05-07,2023,5,North,UK,California,Los Angeles,Corporate,Electronics,Phones,41591,3,669,0.27,Express,Cash,2,18218,34196,27.719179592591914,84.98127751142596
1494,2024-05-08,2023,5,South,USA,London,London,Consumer,Furniture,Shirts,16717,5,-2265,0.42,Express,UPI,2,22472,35958,13.883322101512803,83.1140380224926
1495,2024-05-09,2023,5,North,UK,California,London,Corporate,Electronics,Shirts,41123,1,4867,0.22,Same Day,UPI,1,18731,43369,29.623221643094556,72.34353681874617
1496,2024-05-10,2023,5,East,India,London,London,Consumer,Furniture,Shirts,40233,5,3490,0.19,Express,Cash,5,7351,31689,36.8729527290585,69.90179310675245
1497,2024-05-11,2023,5,East,India,Tamil Nadu,Chennai,Corporate,Clothing,Phones,46505,6,-4044,0.46,Standard,Cash,1,12626,37331,27.30386451815283,89.15304801306968
1498,2024-05-12,2023,5,West,India,London,Los Angeles,Consumer,Clothing,Chairs,47092,8,4306,0.13,Same Day,Card,4,24095,57528,22.31091994411345,84.23180564192108
1499,2024-05-13,2023,5,North,USA,Tamil Nadu,Chennai,Home Office,Clothing,Phones,11350,3,1623,0.42,Standard,Cash,2,8365,33436,34.77204566995868,78.41102227429865
1500,2024-05-14,2023,5,West,India,London,Chennai,Corporate,Furniture,Chairs,31622,3,9908,0.24,Same Day,Cash,4,12618,20066,8.459703424724413,91.44237685244414
